material,test,result
B2(CN2)3_mp-989468,799,473.0012817
B2(CN2)3_mp-989466,424,434.5447693
SrC7N10_mp-1245820,622,426.5418396
CaC7N10_mp-1247296,713,426.4334412
PbC7N10_mp-1246015,178,426.1487427
B2CN2_mp-1228638,931,415.687439
BaC7N10_mp-1245412,112,411.0608215
BC2N_mp-1079201,55,403.2357178
BC2N_mp-1078541,969,389.8583984
AlB3N4_mp-1019379,134,330.0742188
BeCN2_mp-1189451,400,325.5093689
HC2N3_mp-1103408,594,308.6943665
TaNO_mp-4165,570,259.4398804
Si2N2O_mp-4400,883,255.8287354
NbNO_mp-781710,415,249.1664124
Hf2N2O_mp-754833,607,230.7517395
Hf2N2O_mp-761019,487,229.3878784
Zr2N2O_mp-755205,523,225.670929
Hf2N2O_mp-780050,506,225.5238647
Si2AgN3_mp-1247312,572,224.7126465
Hf2N2O_mp-780169,800,224.7041626
Hf2N2O_mp-755314,918,224.4169617
Hf2N2O_mp-760052,992,223.0180817
Si(GeN2)2_mp-1020663,212,222.7009583
Zr2N2O_mp-776245,818,220.1317902
Si2N2O_mp-2948,878,219.3195801
ScAlN2_mp-1246066,944,218.9229126
Zr2N2O_mp-776273,5,218.802475
Zr7N2O11_mp-675751,290,217.683075
Si2N2O_mp-4644,650,216.4224548
Zr2N2O_mp-755368,493,216.2867737
Zr2N2O_mp-775863,977,214.9185181
Zr4N2O5_mp-758272,709,211.7483215
Zr4N2O5_mp-34584,116,211.4692841
Zr4N2O5_mp-34898,532,211.2867279
Zr7(NO2)4_mp-561974,188,206.7085876
Hf2N2O_mp-776220,559,205.9957581
Hf2N2O_mp-779973,617,205.0598297
Zr7(NO2)4_mp-35527,518,204.7705688
Hf2N2O_mp-780234,770,204.6795654
Hf2N2O_mp-780060,640,204.5067139
Hf2N2O_mp-779863,532,204.3183899
Be(PN2)2_mp-1019545,132,204.3064117
Hf2N2O_mp-779974,128,204.2005157
Hf2N2O_mp-779980,340,204.0193329
Hf2N2O_mp-756096,880,203.9797668
Hf2N2O_mp-780075,692,203.918045
Hf2N2O_mp-780230,632,203.7907104
Hf2N2O_mp-775783,519,203.7016296
Hf2N2O_mp-779833,447,203.6669312
Hf2N2O_mp-776225,299,203.6179962
Hf2N2O_mp-775785,328,203.5406799
Hf2N2O_mp-754837,293,203.3827667
Hf2N2O_mp-776259,410,203.124939
Hf2N2O_mp-775784,325,202.7932434
Hf2N2O_mp-779975,133,202.7649231
Hf2N2O_mp-780232,78,202.653595
Hf2N2O_mp-779982,897,202.6442719
Hf2N2O_mp-776213,975,202.630127
Hf2N2O_mp-775799,723,202.6253357
Hf2N2O_mp-754361,95,202.6209717
Hf2N2O_mp-775786,320,202.6144409
Hf2N2O_mp-779739,807,202.5701294
Hf2N2O_mp-776212,716,202.5527039
Hf2N2O_mp-780231,54,202.4837799
YWN3_mp-989407,42,202.4511719
GaB2N3_mp-1245554,363,202.3355713
Hf2N2O_mp-779864,436,202.1811829
Hf2N2O_mp-776214,116,202.1185608
Hf2N2O_mp-757336,978,202.092453
Hf2N2O_mp-776226,841,202.0361481
Hf2N2O_mp-780061,181,202.0076904
Hf2N2O_mp-780274,726,201.7835999
Hf2N2O_mp-779738,513,201.6558838
Hf2N2O_mp-779837,46,201.4906311
Zr2N2O_mp-775849,307,201.4501801
SmBN2_mp-1192040,454,201.4485474
Hf2N2O_mp-779979,989,201.1760406
Hf2N2O_mp-675093,44,200.3578644
LaMoN3_mp-989552,159,196.1671448
Ti2N2O_mp-776229,884,193.1764832
Ti2N2O_mp-776280,691,192.8003235
Zr2N2O_mp-775866,737,192.6578827
Zr2N2O_mp-776315,18,192.5365753
Zr2N2O_mp-775823,414,191.9918518
Zr2N2O_mp-776337,969,191.6617737
Zr2N2O_mp-775844,21,191.6074524
Zr2N2O_mp-776260,900,191.5770569
Zr2N2O_mp-776363,658,191.5354919
Zr2N2O_mp-775802,125,191.4671021
Zr2N2O_mp-776271,898,191.0276184
Zr2N2O_mp-1101159,208,190.9688568
Zr2N2O_mp-775805,369,190.9278259
Zr2N2O_mp-776362,910,190.4666443
Zr2N2O_mp-776335,938,190.3778229
Zr2N2O_mp-776281,903,190.3392029
Zr2N2O_mp-775843,297,190.3054504
Ti2N2O_mp-776336,1,190.2482147
Zr2N2O_mp-776314,48,189.8907166
Zr2N2O_mp-756029,830,189.8204956
Zr2N2O_mp-775822,369,189.68573
Zr2N2O_mp-766238,336,189.5800018
Zr2N2O_mp-775861,285,189.5269775
Zr2N2O_mp-776246,386,189.4672852
Ti2N2O_mp-775829,214,189.4671631
Zr2N2O_mp-675993,738,189.444046
Zr2N2O_mp-775824,665,189.3055115
Ti2N2O_mp-849331,979,189.2795715
Zr2N2O_mp-776360,435,189.1581116
Ti2N2O_mp-776313,666,189.1100922
Hf2SN2_mp-1017567,47,188.6030731
Zr2N2O_mp-674947,602,188.269165
Zr2N2O_mp-776239,214,187.5971985
Al2(CN2)3_mp-1029975,964,187.5005493
Mg3MoN4_mp-1245496,891,186.4772034
AlMoN3_mp-1246835,364,185.5585632
SiPN3_mp-1219220,121,185.4206543
Sc3Si6N11_mp-1245870,208,184.6346893
SiPN3_mp-36053,980,183.7915955
LaReN3_mp-989614,629,183.4191895
Ge2N2O_mp-777843,972,183.3362579
LaBN2_mp-29597,178,182.8041992
TaNO_mp-5813,100,181.5562439
Ge2N2O_mp-773667,636,180.8666992
Si7PtN10_mp-1247253,269,180.3164063
Sc5(SiN3)3_mp-1246340,541,179.9497986
ScWN3_mp-1246967,102,179.7306671
Al5C3N_mp-5496,492,179.4200287
YWN3_mp-989617,597,178.1111145
YWN3_mp-989645,671,177.7016907
Y5(SiN3)3_mp-1245467,156,177.6793518
Zr2AgN3_mp-1246060,823,176.7874756
Sm3Si6N11_mp-16995,832,176.6947784
NdBN2_mp-1192144,667,175.7666473
Al3NO3_mp-675601,531,175.7054749
Sc3Ge6N11_mp-1246008,917,175.5000916
YGaN2_mp-1246253,489,175.4049988
Al3NO3_mp-1228939,969,175.3504333
AlGaN2_mp-1228894,847,174.1274109
Sc2GaN3_mp-1245733,507,173.4982605
Sc5(GeN3)3_mp-1247007,901,173.3209839
SiGeN2_mp-1246001,960,173.2135773
Y3Ge6N11_mp-1245407,467,173.0358276
La5B4N9_mp-29594,573,172.8073273
Mg2NbN3_mp-1246788,1,172.3002777
HCN_mp-1102232,514,171.8391571
Al2GaN3_mp-1228953,196,171.8245239
YAlN2_mp-1245678,130,171.5339966
Si7GeN10_mp-1247135,237,171.5170746
MnSi7N10_mp-1246278,156,171.3720398
Y5(GeN3)3_mp-1245368,377,171.2493439
AlGa3N4_mp-1228943,757,171.1715393
Hf2N2O_mp-775787,26,171.1681366
NaP4N7_mp-29598,446,170.6688538
Al3GaN4_mp-1228436,43,170.5230713
Ga3Ge3N5_mp-1246429,504,170.2429199
Rh2(CN2)3_mp-1246752,209,170.0396271
Mg3(AlN2)2_mp-1246676,293,169.9421082
Hf2N2O_mp-775788,658,169.8976135
MgSi7N10_mp-1247105,518,169.7464294
InSiN2_mp-1247068,404,169.7319489
La3Si6N11_mp-1019893,276,169.5265198
Hf3N2O3_mp-760360,224,169.4826202
La3B2N5_mp-29990,808,169.4819794
Hf3N2O3_mp-760007,791,169.4557495
ZnSi7N10_mp-1247281,522,169.4170532
Hf3N2O3_mp-761033,643,169.2349548
Al3GaN4_mp-1019378,964,169.1592712
Nd3Si6N11_mp-1209932,524,168.9973755
Hf3N2O3_mp-754668,887,168.9586792
CdSi7N10_mp-1246101,926,168.2870178
Y2GaN3_mp-1245627,262,168.1423798
LaSi3N5_mp-1019967,384,168.0695953
Si6Sb3N11_mp-1247016,770,168.0201111
Ga2(CN2)3_mp-1245974,701,167.5461426
NdSi3N5_mp-1209901,750,167.5196228
ScMoN3_mp-1246879,872,167.0991821
Cd(PN2)2_mp-1196424,486,166.9352875
SiGeN2_mp-1246712,755,166.5840149
LaWN3_mp-989646,301,166.2755432
Al17(NO7)3_mp-675472,988,166.0595245
Y2AlN3_mp-1246082,921,166.0193329
Ga3NO3_mp-754781,125,165.4481201
YGa2N3_mp-1246878,325,165.2529297
YAl2N3_mp-1247331,109,165.2497101
Mg2Si5N8_mp-1246296,463,165.1743622
YAlN2_mp-1245626,114,165.0055542
BeSiN2_mp-1227309,557,164.6598816
Mg3(GaN2)2_mp-1246041,599,164.4003143
Al2InN3_mp-1246874,511,164.1741638
Ga3NO3_mp-754991,682,163.8503113
Th2N2O_mp-1206128,743,163.4735413
Zr3N2O3_mp-754659,342,163.1560211
PrSi3N5_mp-1209344,273,163.1443329
Si7SnN10_mp-1245434,29,163.137146
LaMoN3_mp-989534,853,162.6148376
PrBN2_mp-9028,136,162.526825
B2(CN2)3_mp-1096872,376,162.5035095
ScAlN2_mp-1246075,527,162.4575806
CaSi7N10_mp-1246629,556,162.2968445
Zr3N2O3_mp-1101160,373,162.2532196
YGaN2_mp-1246280,506,162.1686249
Si7PbN10_mp-1246059,674,162.1014862
Cd2Si5N8_mp-1247495,597,162.0863342
Zr3N2O3_mp-755132,423,162.030304
Zn(SbN2)2_mp-1271275,521,161.9852295
Pr3Si6N11_mp-16929,597,161.9218903
Si7CN10_mp-1247547,900,161.7069092
MgGe7N10_mp-1247274,896,161.5724487
Zr3N2O3_mp-755998,170,161.5685272
Al11NO15_mp-675682,638,161.5283661
ZnGe7N10_mp-1245442,227,161.2971802
Ti3N2O3_mp-754790,95,161.2377472
Zn2Si5N8_mp-1247426,396,160.8028717
Ru(CN)2_mp-1245675,661,160.7962036
Ti3N2O3_mp-755054,882,160.7310638
Si2AuN3_mp-1246525,538,160.6476746
KP4N7_mp-505495,69,160.2591095
Si6Bi3N11_mp-1247410,279,160.2050476
AlInN2_mp-1246285,352,160.2041626
SrSi7N10_mp-570598,352,159.698761
Ge6Bi3N11_mp-1245416,879,159.3558197
ZrNF_mp-1207386,50,159.1686249
Hf2SN2_mp-1069533,619,159.1485138
CdGe7N10_mp-1247304,372,158.7665253
YAlN2_mp-1245628,18,158.6462097
CuPN2_mp-1078469,560,158.5428314
Ti3N2O3_mp-849335,313,157.6965332
Ca3B3N5_mp-1245874,417,157.3631897
BMoN3_mp-1246423,913,156.9884796
AlInN2_mp-1247201,549,156.5642395
La5(SiN3)3_mp-569576,700,156.2537384
CaGe7N10_mp-1247307,854,155.9382935
Ta3NO6_mp-1193678,44,155.7056274
Zn2Ge5N8_mp-1246272,685,155.4748535
Mg(GeN)2_mp-1247326,418,154.9465332
Ge7PbN10_mp-1246521,921,154.915741
AlWN3_mp-1246403,513,154.7946472
Ti3N2O3_mp-755047,961,154.3705292
BaSi7N10_mp-29703,679,154.3353729
SrGe7N10_mp-1247194,161,153.9447327
Al6W5N16_mp-1246158,548,153.3520508
Ga11NO15_mp-676333,293,152.6148682
Al2Zn3N4_mp-1246018,149,152.1698914
Mg5(SiN3)2_mp-1246202,869,151.5439758
B2(CN2)3_mp-989459,906,151.5124512
RbP4N7_mp-505496,636,151.4373932
KSi5N7_mp-1029584,69,151.381485
Ga3C3N7_mp-1245347,827,150.9619598
GaMoN3_mp-1246681,53,150.8252106
La2GaN3_mp-568036,243,150.6456299
NaSi5N7_mp-1246168,69,150.5515442
AlInN2_mp-1245856,936,150.463501
Ca(VN2)2_mp-1246211,67,150.4420929
TaGaN2_mp-1246663,353,150.3568878
ZrGeN2_mp-1245523,902,150.2433929
GaSi2N3_mp-1246892,712,149.7248688
CuSi2N3_mp-1247244,578,149.3772278
ZnSiN2_mp-1020712,866,149.1455231
Si2AgN3_mp-1246476,349,149.0669861
Si5(PbN4)2_mp-1246988,21,148.8683319
Ca2Si5N8_mp-570645,824,148.2161865
BaGe7N10_mp-1029679,137,147.8310547
Ca2Si5N8_mp-28922,418,147.5263977
Sr2Si5N8_mp-9710,9,147.2862244
Y2AlN3_mp-1245982,65,146.7980957
GaBiN2_mp-1246447,809,145.4861145
CsP4N7_mp-679983,652,145.2305145
Th2HN3_mp-1019323,298,144.6760864
Y2GaN3_mp-1245470,904,144.6714935
AlBiN2_mp-1245430,359,144.5115051
CdSiN2_mp-1245559,15,143.940033
Zn2PN3_mp-1102523,832,143.8827515
Mg3Ga3N5_mp-1247451,384,143.8703156
Pr5(SiN3)3_mp-1200944,177,143.5474701
Sr(PN2)2_mp-645364,553,143.4558563
InBN2_mp-1246811,28,143.1363983
Mg5(SiN3)2_mp-1246577,94,143.0566254
InBN2_mp-1246039,740,142.8445435
Mg3Sc2N4_mp-1246853,677,142.8239899
Mg3MoN4_mp-1245509,970,142.7957764
Tm2(CN2)3_mp-1205483,630,142.1750183
AlBiN2_mp-1245799,326,141.267395
Mg7SiN6_mp-1246442,562,141.1308746
SiSnN2_mp-1246131,311,140.6979065
SnGeN2_mp-1246002,449,140.6264648
YWN3_mp-989615,724,140.5922241
K3P6N11_mp-14565,901,140.2106018
YMoN3_mp-989604,433,140.1103973
Na3P6N11_mp-28161,325,139.7207031
CdSiN2_mp-1246975,631,139.5928955
CdSiN2_mp-1245562,678,139.423645
NbAgN2_mp-1245369,732,139.0745087
TaAgN2_mp-1246632,324,138.8625031
Li2HfN2_mp-1097065,268,138.5193329
Y2InN3_mp-1247357,7,137.8909607
TaAuN2_mp-1246762,282,137.1951447
Si3Sb5N9_mp-1245610,165,136.5690002
Zn5(SiN3)2_mp-1246318,89,136.4020996
Mg5(GeN3)2_mp-1246077,448,136.3006134
LaCrN3_mp-989612,877,135.9305878
Y2ScN3_mp-1246828,151,135.832962
Ti(ZnN)4_mp-1246954,778,134.7269592
Ba(PN2)2_mp-2983,893,134.4018402
Si3Bi5N9_mp-1246267,400,134.0001831
HfPbN2_mp-1247467,57,133.310318
Th10N9F13_mp-677238,210,133.2568207
Mg7GeN6_mp-1246128,456,132.9964294
Rb3P6N11_mp-16107,895,132.9141693
SrWN3_mp-989625,416,132.7541046
ScBN2_mp-1245522,852,132.6297913
TaZn2N3_mp-1029387,206,132.4879913
Ca(GeN)2_mp-1246570,316,132.4322662
ThCN_mp-30521,579,132.1474915
Mg4TiN4_mp-1245488,693,131.9952087
Ge3Bi5N9_mp-1246899,998,131.8766022
Ge2N2O_mp-1178193,107,131.4046021
Mg4SiN4_mp-1247369,700,130.9302826
Ca5(CN3)2_mp-1247395,505,130.4434662
LaWN3_mp-989633,660,129.8485107
Zn3WN4_mp-1245967,556,129.4723206
ThNF_mp-8226,641,129.4079285
SrTi7N10_mp-1247012,168,129.1552887
CaSiN2_mp-568965,988,129.0992584
Ca2PN3_mp-8977,270,128.7348938
Sr(VN2)2_mp-1246716,867,128.569519
LaMoN3_mp-989631,598,128.3843689
Ge2N2O_mp-867745,938,127.6610641
CsSi2N3_mp-1245989,465,127.4518967
RbSi2N3_mp-1245922,747,127.3712997
Mg4ZrN4_mp-1247282,388,127.3337097
Zn3MoN4_mp-1246430,844,127.2897873
Mg4CN4_mp-1245729,617,126.8740845
Si2N2O_mp-4497,952,126.8442001
Y2Mg3N4_mp-1245474,541,126.8106079
Mg3(GaN2)2_mp-1246046,155,126.805603
Cs3P6N11_mp-16108,608,126.3167114
CaTiN2_mp-1029572,644,125.0641785
KSi2N3_mp-1029418,120,125.050354
Ge2N2O_mp-778194,85,124.2178268
Ge2N2O_mp-1178197,913,123.8937836
V2PbN4_mp-1246122,582,123.8074417
HC2N3_mp-1200473,881,123.0452652
HC2N3_mp-1199197,412,123.0159531
HC2N3_mp-1202251,395,122.8264771
ZrPbN2_mp-1247300,503,122.7961731
Ge2N2O_mp-779457,472,122.5969315
GaBiN2_mp-1246627,902,121.6911926
PHN2_mp-697139,844,120.9444199
Y2Zn3N4_mp-1246637,290,120.8208389
Ca3(AlN2)2_mp-570258,673,120.483017
Mg3WN4_mp-1030015,306,120.3585815
SrZrN2_mp-1029275,45,120.105629
P4N6O_mp-531317,968,119.7786865
Ca3Ga3N5_mp-1246748,766,119.3727493
Ge2N2O_mp-777483,951,118.8151245
SiPbN2_mp-1245744,767,118.5852051
Mg3MoN4_mp-1245480,449,118.265274
Th2SN2_mp-7769,70,117.7109146
Mg4GeN4_mp-1247225,702,117.227356
SiPbN2_mp-1245777,595,115.6888428
Ca3(AlN2)2_mp-29820,359,115.2847977
Ca(GaN)2_mp-1246270,474,115.2488098
Sc2(CN2)3_mp-1029602,888,115.1512299
PHN2_mp-35220,738,114.6743774
Ca3(GaN2)2_mp-571162,8,114.1235123
GePbN2_mp-1245525,392,114.0881805
TiNF_mp-1216730,972,113.9911804
Ca3(AlN2)2_mp-570505,428,113.5902176
P4N6O_mp-28950,258,113.440834
SrGeN2_mp-1029497,889,113.0099258
Lu2(CN2)3_mp-568116,872,112.9143448
Li2SiN2_mp-684024,115,112.5650253
HfNCl_mp-541911,818,112.1802521
Ca3UN4_mp-675286,88,112.1173248
NaPN2_mp-10572,456,111.7854767
Sm2(CN2)3_mp-568498,589,111.3570862
In2(CN2)3_mp-1029677,50,111.3344727
Mg7SnN6_mp-1247112,183,111.1143417
Si2SeN2_mp-1245915,423,110.6665421
Ge2SeN2_mp-1247419,183,110.4546127
Ga3NO3_mp-1178206,342,110.376915
Th2SeN2_mp-7768,2,110.2584839
BaWN3_mp-989636,514,109.9744263
Ca3UN4_mp-1247754,332,109.6581116
NaSbN2_mp-1245746,903,109.3971405
Ga3NO3_mp-778065,19,108.7663345
Mg3(BiN2)2_mp-1245952,899,108.7641907
Na3Si3N5_mp-1246579,567,108.2926712
VPb2N3_mp-1245652,584,107.5289154
Sr3Ga3N5_mp-570971,355,107.4223862
Si2TeN2_mp-1245985,828,107.1406403
Ba(VN2)2_mp-1029918,997,106.7321625
Ga3NO3_mp-754929,360,106.3389587
CaTcN3_mp-989634,512,105.8495026
VCd2N3_mp-1245469,980,105.4871216
CaReN3_mp-989606,863,104.8107529
GeCN2_mp-1245873,609,104.3432693
Li5P2N5_mp-530933,956,104.2237701
Zn3SbN3_mp-1271278,835,102.8803253
Mg3MoN4_mp-1245510,605,102.750824
Ca2TaN3_mp-1029773,353,102.2038574
Ca5(SiN3)2_mp-571333,562,101.6529846
Ru(C4N3)2_mp-1246365,704,101.4681702
Sc4S3N2_mp-1246111,587,100.9690933
Ca5(SiN3)2_mp-1019578,688,100.8571625
Lu2(CN2)3_mp-607712,694,100.6805496
C6N7Cl3_mp-1214997,822,100.578064
VPb2N3_mp-1245619,235,99.89099121
InBi2N3_mp-1247397,686,98.92619324
HfBrN_mp-30302,694,98.84200287
CNO2_mp-1214309,995,98.23995209
K3Si3N5_mp-1247442,902,97.52246094
SrTcN3_mp-989627,597,97.0735321
Ca3Y2N4_mp-1247501,962,96.74422455
Y3Pb3N5_mp-1246573,308,96.59774017
Sr3(GaN2)2_mp-16945,389,96.54078674
Li2ThN2_mp-27487,983,96.08401489
Ca5(GeN3)2_mp-1247566,543,96.06965637
HoNO4_mp-1224153,743,96.05672455
Sr2VN3_mp-17012,807,95.99906158
Sb2(CN2)3_mp-1245514,157,95.93130493
Mg3BN3_mp-28955,441,95.77427673
B3C3N7_mp-1246452,486,95.68903351
BaSiN2_mp-3777,46,95.24051666
Bi3C3N7_mp-1246589,338,95.18832397
W4NO12_mp-1216288,45,94.79639435
Ca3Sc2N4_mp-1245447,838,94.46473694
Sc4S3N2_mp-1246833,410,94.35070801
LiGeN_mp-1246087,388,94.03305054
TaPb2N3_mp-1247316,399,93.99271393
Ca3Sc3N5_mp-1246493,222,93.79447937
SrReN3_mp-989623,799,93.64923859
Li3W2N5_mp-1245410,4,93.53999329
Al(CN)3_mp-35327,300,93.46140289
Al(CN)3_mp-1229076,174,93.41065216
Ba3Al3N5_mp-1247525,706,93.14868927
Ca4SiN4_mp-1019576,857,92.9980011
Ti2Pb5N6_mp-1246958,890,92.78747559
Ca7CN6_mp-1245373,643,92.09922028
Sr4C2N5_mp-1245714,860,92.05264282
Ba3Ga3N5_mp-1019515,31,91.97680664
Ca4GeN4_mp-29808,879,91.94761658
Y2(CN2)3_mp-1029920,281,91.65355682
ZrBrN_mp-541912,14,90.17591095
BaGeN2_mp-1029743,28,89.48368835
Ru(C4N3)2_mp-1245789,869,89.40587616
Ti(PbN)4_mp-1246003,214,89.38419342
BaWN3_mp-989622,97,89.35170746
Ca5(TiN3)2_mp-1247343,520,88.63439178
Sr3C3N5_mp-1247168,503,88.06703186
Li4TaN3_mp-30129,134,88.06053925
Ca2SbN3_mp-1246528,619,88.04247284
Gd(C2N3)3_mp-672360,548,87.86338806
Na2GeN2_mp-1029851,750,87.81832123
Sr3(BN2)2_mp-1029510,972,87.69425201
YNO4_mp-1216049,655,87.39465332
ThNCl_mp-28065,909,87.34593201
Li15W7N19_mp-1245780,65,87.12606049
Ca5Hf2N6_mp-1245479,17,87.03157043
Y4S3N2_mp-1246514,300,86.82899475
NaGeN_mp-1246750,470,86.62760925
NaC2N3_mp-570248,601,86.50180054
Sr5Hf2N6_mp-1247284,470,86.42521667
Ca5VN5_mp-1247440,459,86.18064117
Sr5(GeN3)2_mp-571046,699,86.13360596
Sr5Mo2N7_mp-31231,531,85.19413757
Zr(PbN)4_mp-1246987,717,85.04490662
Mo6NO18_mp-1221507,698,85.02962494
Sr3CrN4_mp-7214,478,84.6770401
Sr3Sc3N5_mp-1245988,653,83.94050598
NaNbN2_mp-1030657,322,83.93252563
Ca5(SnN3)2_mp-1247524,276,83.79776001
H3C3N5_mp-1212579,947,83.55987549
Li6SN4_mp-1247242,770,83.47169495
Y4S3N2_mp-1246909,714,83.43312073
Li5SiN3_mp-686208,879,83.3953476
Y4S3N2_mp-1246598,270,83.08094788
Sr3MoN4_mp-570046,60,82.66725159
BaReN3_mp-989637,363,82.66098785
Sr3(BiN2)2_mp-1246321,982,82.35280609
Ca3(BiN2)2_mp-1246566,295,82.22711182
Sr3MoN4_mp-31356,63,82.09365845
Sr5(TiN3)2_mp-1247347,361,81.93395233
Sr3Sc2N4_mp-1246980,686,81.69030762
Ag2CN2_mp-574486,278,81.5640564
Sr3Bi3N5_mp-1246221,445,81.56243134
Mg3AsN_mp-1206514,301,81.35714722
Dy3S3N_mp-556247,274,80.71051025
Sb2(CN2)3_mp-1245995,562,80.54297638
Sm(C2N3)3_mp-569221,731,80.3914032
Ca3(SbN2)2_mp-1246362,271,80.34562683
Ca3TeN4_mp-1245586,617,80.33390045
CSN2_mp-1181789,372,80.31088257
Sr(SbN2)2_mp-1246405,388,80.0599823
Li5GeN3_mp-531553,836,79.76194763
Ni(C2N3)2_mp-22405,538,79.76010132
H9C6N11_mp-1213393,311,79.68807983
Ca7GeN6_mp-570555,634,79.44197083
Na3AlN2_mp-1246847,752,79.21577454
Sr2SbN3_mp-1246679,215,79.18824768
Pt(CN)2_mp-1247533,629,79.10321045
Li(CN)2_mp-1001079,128,79.09342957
Li7PN4_mp-14712,223,78.95063782
Sr3Sc2N4_mp-1245487,728,78.93772125
Sr4GeN4_mp-1246370,552,78.88362885
Ba3(AlN2)2_mp-17133,471,78.43276978
La4S3N2_mp-556958,236,78.34298706
Sr5(SnN3)2_mp-1245859,215,78.00370789
Ba(SbN2)2_mp-1246824,770,78.00188446
Al(C2N3)3_mp-1245920,847,77.81302643
Sr3Y3N5_mp-1246857,286,77.6723175
SrSnN2_mp-1247246,150,77.3908844
Bi2(CN2)3_mp-1247346,435,77.19871521
Ca3(BN2)2_mp-531265,74,77.14556122
Li5TiN3_mp-686129,764,77.04538727
Ca3Sc2N4_mp-1246427,51,76.7569809
Gd3S3N_mp-647096,749,76.66306305
Ca2MgN2_mp-1247107,625,76.59278107
Nd(C2N3)3_mp-31320,611,76.05799866
LiSnN_mp-1245983,448,75.96556854
Ba3B3N5_mp-1246449,595,75.85415649
Tb3S3N_mp-18164,458,75.78328705
Sr5NbN5_mp-10577,761,75.71409607
Ba2NbN3_mp-17024,197,75.60874939
Ca(C2N3)2_mp-29960,112,75.32393646
BaMg2N2_mp-1247195,845,75.29281616
Ca4SN4_mp-1246149,947,74.9668808
Ca4CrN4_mp-1246207,507,74.83952332
LiSbN2_mp-1245532,430,74.47402954
B2(CN2)3_mp-1097791,240,74.36116028
Ba2TaN3_mp-17400,166,74.34909821
Sm4S3N2_mp-3062,203,74.2285614
LiSbN2_mp-1245529,929,74.21432495
Ba3(GaN2)2_mp-18297,182,74.19703674
Ba2VN3_mp-17696,297,74.16252136
Li7VN4_mp-582259,205,74.07748413
B5(H2N)2_mp-29306,334,73.54990387
La3S3N_mp-555129,196,73.40608215
Li7VN4_mp-4825,512,73.38318634
Zn(C4N3)2_mp-1245475,746,73.09008026
La4Se3N2_mp-1205351,410,72.90081787
Ca7Mg2N6_mp-1245857,357,72.89350891
Sm(NO3)3_mp-1203930,606,72.76921082
Sm3S3N_mp-4038,950,72.73284149
HfNF4_mp-1181147,36,72.68048096
Pr(C2N3)3_mp-567763,882,72.66706848
Li15Cr2N9_mp-530262,13,72.63513184
ZrNCl_mp-672350,582,72.44012451
Sr7SiN6_mp-1245748,290,72.29797363
Ca7HfN6_mp-1245388,900,72.18850708
Li6SeN4_mp-1246359,56,71.83323669
Ca7ZrN6_mp-1246171,224,71.79651642
Ca7SnN6_mp-1246105,997,71.69807434
La(C2N3)3_mp-31321,408,71.6396637
Bi2(CN2)3_mp-1246532,605,71.56570435
KGeN_mp-1245591,60,71.55793762
ZrBrN_mp-1172825,433,71.55621338
Pr4S3N2_mp-558617,611,71.46852875
KGeN_mp-1245592,151,71.4329071
KTaN2_mp-570755,504,71.38298798
B2(CN2)3_mp-989461,210,71.20135498
Dy3Se3N_mp-567391,377,71.15579224
Ga(C2N3)3_mp-1246040,290,70.61564636
Na3W2N5_mp-1029565,811,70.60288239
Ca7TiN6_mp-1245387,153,70.28752136
H13(C5N)2_mp-605048,380,70.28328705
Ho(NO3)3_mp-1200900,893,70.07647705
KNbN2_mp-1029504,82,70.05454254
Li3BN2_mp-5914,337,69.97479248
Ba5(SiN3)2_mp-29060,949,69.86945343
Tb4Se3N2_mp-30291,142,69.86527252
Ba5Zr2N6_mp-1246780,255,69.34580994
Sr3Sb3N5_mp-1247452,891,69.31910706
Si2SN2_mp-1247315,353,69.27902222
Li3BN2_mp-5001,849,69.18952942
MgTeN2_mp-1245604,671,69.11738586
Li6TeN4_mp-1247058,134,69.07595825
Ca4SeN4_mp-1246129,416,68.98540497
Mg(C4N3)2_mp-1246252,290,68.85121155
LiNO2_mp-1176591,87,68.76811218
Ba3Sc3N5_mp-1247430,570,68.70547485
Pr3NF6_mp-33319,502,68.66656494
Na3Mo2N5_mp-1029845,791,68.65777588
Ca3Y2N4_mp-1247388,695,68.59426117
Mg(C2N3)2_mp-10553,505,68.47225952
Ca11(CN5)2_mp-4800,143,68.36256409
Li9CrN5_mp-675918,959,68.18582153
Sr7TiN6_mp-1245386,836,68.1232605
H8CN6_mp-28551,40,67.89112091
Li7BiN4_mp-1029517,903,67.79804993
PNO_mp-38975,24,67.6277771
Ba3Bi3N5_mp-1247542,982,67.48142242
Tm(NO3)3_mp-1203703,307,67.37998199
RbTaN2_mp-568557,591,67.16172791
Er(NO3)3_mp-1197536,303,67.08621216
Mg(C4N3)2_mp-1246239,213,67.02626801
Zn(C4N3)2_mp-1245462,362,67.01148987
Tl2CN2_mp-570443,223,66.70658112
Pr3S3N_mp-558940,246,66.65177917
Ba5Hf2N6_mp-1246779,942,66.56717682
CSN2_mp-1214102,244,66.48887634
Pr4Se3N2_mp-31303,816,66.36355591
Ba3Y3N5_mp-1246917,797,66.32897949
Ca4TeN4_mp-1247368,723,66.20951843
Sr3(SbN2)2_mp-1246469,15,66.20214081
Pd(CN)2_mp-1245838,464,66.05771637
Nd3S3N_mp-554001,68,65.68946075
Na3ScN2_mp-1246174,934,65.62420654
Dy(NO3)3_mp-1196716,572,65.53005981
Y(C2N3)3_mp-1246518,990,65.48714447
B9H11N4_mp-28668,368,65.22842407
Ca5MgN4_mp-1246397,938,65.22534943
Ho3Se3N_mp-607806,996,65.13730621
Gd3Se3N_mp-1193201,153,65.10925293
PH4N3_mp-28892,889,64.98497009
LiSbN2_mp-1246846,714,64.93367004
NaSbN2_mp-1245743,86,64.79747009
Ba4ZrN4_mp-1245594,357,64.79388428
Ba16Nb5N19_mp-30001,115,64.64778137
Ba5(GeN3)2_mp-1246227,563,64.62359619
Ba3Sc2N4_mp-1246130,616,64.59934998
C4NCl3_mp-1214251,840,64.59896851
Nd4Se3N2_mp-30292,145,64.49284363
Ba3MoN4_mp-629082,581,64.01519775
Ba3MoN4_mp-8863,532,63.65530396
Ba3Sc2N4_mp-1247132,941,63.65393829
Y4Te3N2_mp-1029811,838,63.51227188
Ba3WN4_mp-680210,180,63.46067047
Dy4Te3N2_mp-1201962,687,63.39101791
Ba3WN4_mp-14743,643,63.35208511
Ba2SbN3_mp-1247464,870,63.29225922
Be(CN)2_mp-35687,831,63.27608871
Ba5(TiN3)2_mp-28926,433,63.00252151
KC2N3_mp-567823,902,62.95063019
Li3BN2_mp-8926,861,62.64358902
Zn(NO3)2_mp-778973,67,62.63294983
RbNbN2_mp-1029493,825,62.61385345
La5Se6N_mp-1224631,727,62.13297653
Nd(NO3)3_mp-1199401,814,62.01716232
Sr(C4N3)2_mp-1246085,675,61.4360466
Bi3NF6_mp-28946,147,61.33842087
Na3NO4_mp-560068,993,61.30216599
LiC2N3_mp-1190940,905,61.12705994
Na15W7N19_mp-1030704,728,60.92046738
Na15Mo7N19_mp-1029862,217,60.90538788
B2(CN2)3_mp-989472,289,60.76049042
Pt(C4N3)2_mp-1246801,228,60.45697403
Ba9(NbN6)2_mp-541765,21,60.4058609
Ba9(TaN6)2_mp-667314,518,60.02574539
C4NCl2_mp-1214248,31,60.00222778
C4NCl2_mp-1214375,802,59.88235474
Ni(H2N)2_mp-28686,685,59.84731293
Tb4Te3N2_mp-1201395,802,59.83384323
Dy3Te3N_mp-1192365,352,59.64313889
Gd(NO3)3_mp-1203247,306,59.64257431
C4NCl2_mp-1214369,767,59.62814331
B5H9N_mp-27893,303,59.61788559
RbC2N3_mp-683918,972,59.24124527
Ba(C2N3)2_mp-669448,328,58.88743591
Y3Te3N_mp-1193658,2,58.88490295
Pr(NO3)3_mp-1201377,97,58.80461121
La(NO3)3_mp-1205242,879,58.78055191
Ba4GeN4_mp-1246705,31,58.77758026
Cd(C4N3)2_mp-1245937,232,58.72440338
Mg(NO3)2_mp-776410,368,58.69894791
Ba5(SnN3)2_mp-1246390,94,58.68729019
Tb(NO3)3_mp-1202556,762,58.4789772
Sr(C2N3)2_mp-29961,215,58.33626556
Ba7ZrN6_mp-1245936,704,58.18833542
NaLi5N2_mp-29929,341,58.14268112
H9CN9_mp-28643,891,57.98774719
Ho3Te3N_mp-1192541,976,57.9745636
NdNO4_mp-607711,482,57.71364212
Tb3Te3N_mp-1192600,165,57.63883972
In(C2N3)3_mp-1246048,95,57.59517288
Na6CrN4_mp-1247493,197,57.24978638
As(CN)3_mp-623837,113,57.20568085
Li2HN_mp-1223097,129,57.12527084
V2NO5_mp-1208115,375,57.07065582
Pd(C4N3)2_mp-1245403,283,56.83927917
Li2HN_mp-699284,601,56.73636246
K3W2N5_mp-1029938,448,56.71399689
H4N2O3_mp-625676,241,56.63874435
Ba7HfN6_mp-1246932,344,56.5674057
Ca2NF_mp-685352,617,56.53962326
Pt(C4N3)2_mp-1247310,30,56.53529358
Sr3(BN2)2_mp-1218347,126,56.53045273
SrCN2_mp-9167,876,56.42171478
Ba4TiN4_mp-1245986,879,56.40371323
Bi(C2N3)3_mp-1246119,848,56.38043976
Zn(CN)2_mp-35751,150,56.34062195
CaHN_mp-34932,763,56.23087311
Na3WN3_mp-16839,986,56.01969528
Be(H2N)2_mp-28018,723,55.98462296
Cd(HN2)4_mp-604337,160,55.84732056
B5H11N2_mp-27892,846,55.60426331
PNO_mp-760506,164,55.57284164
Y(NO3)3_mp-1020671,116,55.43912125
AgC2N3_mp-616521,716,55.27270508
Ca6Te3N2_mp-1246515,522,55.26317215
PNO_mp-1220011,659,55.04751587
Cd(C4N3)2_mp-1245934,704,54.97662354
Cd(C2N3)2_mp-11646,55,54.94681931
HCN_mp-510458,371,54.89852142
Pb(C2N3)2_mp-669517,762,54.82113647
Li2HN_mp-35695,713,54.80479431
NaNO_mp-3967,610,54.8026619
Li2HN_mp-34465,424,54.79833221
Rb3W2N5_mp-1029857,329,54.69771576
Na3MoN3_mp-541291,766,54.69107056
LaNO4_mp-1019897,447,54.65851974
Tl8(CdN14)3_mp-647556,968,54.65729141
BN3Cl2_mp-27486,636,54.56813049
Na7VN4_mp-1245360,203,54.44691467
Bi5NO10_mp-31289,870,54.12649536
AgN3O4_mp-644729,901,54.01742935
Ge7N2O15_mp-1196708,598,53.90022659
H5CN3_mp-1196017,550,53.79797363
H4N2O3_mp-625686,729,53.74922943
Sb(C2N3)3_mp-1245690,264,53.59600449
Co(NO3)2_mp-30006,196,53.43030167
Ba7TiN6_mp-1245657,615,53.29833984
Be4N6O19_mp-1201141,663,53.16221619
Tl2ZnN12_mp-571259,937,53.04801178
AgC4N3_mp-29672,286,52.92544937
Sm2(N4O9)3_mp-1212564,830,52.84696198
AgC2N3_mp-1182994,4,52.79421997
P(CN)3_mp-622020,824,52.67792892
Mg(NO3)2_mp-1020058,527,52.56401825
Li15H9N8_mp-1201065,262,52.51351929
Zn(C2N3)2_mp-624249,918,52.43885422
Ba(C4N3)2_mp-1245468,159,52.33090591
Cd(C2N3)2_mp-636559,663,52.3020668
Ba3(BN2)2_mp-30905,451,52.26104355
B6H10N_mp-31064,804,52.1272049
SrHN_mp-1187172,797,51.98114777
HgCN2_mp-570848,517,51.77988052
RbSbN2_mp-1247223,997,51.48345947
H4NF2_mp-1103675,138,51.40876007
LiH2N_mp-1188218,66,50.85402679
Sn(C4N3)2_mp-1246898,730,50.81525421
RbBa2N15_mp-605646,957,50.79310989
KCN_mp-676693,954,50.31958389
Ba4CN4_mp-1247171,224,50.23332214
CsNbN2_mp-1030663,970,49.98588181
KSbN2_mp-1246680,883,49.76620102
AgNO3_mp-8196,37,49.67128372
Nd2(N4O9)3_mp-1213443,21,49.64237595
BH4N_mp-27341,542,49.52227402
K15W7N19_mp-1030950,95,49.51196289
BHN4_mp-1200679,783,49.48391342
AgC2N3_mp-567459,380,49.30329895
B3H5N3_mp-1236886,172,49.05912018
Sr2NF_mp-531195,643,48.76298523
BaCN2_mp-28898,272,48.72225952
K15Mo7N19_mp-1029869,466,48.60777664
KSnN_mp-1245826,363,48.58567047
PbCN2_mp-19727,98,48.48055649
AgNO3_mp-669466,7,48.45993423
BaMg2N2_mp-1246414,305,48.20072174
KAuN12_mp-567218,324,48.0389328
Rb15W7N19_mp-1029967,966,48.02521896
Ca2HN_mp-24119,131,47.95342636
Zn2NCl_mp-1189171,917,47.70392227
AuC2N3_mp-1245653,809,47.66095734
H3NO4_mp-626259,485,47.61285019
Li7H5N4_mp-1200910,921,47.27661896
Li3H3N2_mp-977164,618,47.15013504
Tl2S7N8_mp-542611,686,47.10340881
Sr(BN)2_mp-1068850,870,47.01101303
Ca2BrN_mp-23009,706,46.85281372
Li8SeN2_mp-973793,582,46.48575211
Li8TeN2_mp-1190809,557,46.38335037
Ba(C4N3)2_mp-1246910,746,46.34447479
Zn(NO3)2_mp-772617,111,46.17388153
As(CN)3_mp-608317,245,45.97957993
Mg(NO3)2_mp-771046,819,45.97054291
Ag3N5O6_mp-562667,775,45.80597305
NaC4N3_mp-574822,155,45.79310226
CsSrN9_mp-29228,847,45.72075272
LiH2N_mp-1188409,28,45.41880035
AgNO3_mp-638686,536,45.39672852
Sr(C4N3)2_mp-1246489,673,45.36183167
ZrN6O17_mp-680356,50,45.27606201
La(NO2)3_mp-30925,906,44.97677231
Na4ReN3_mp-10419,535,44.77672958
AuC2N3_mp-1245660,678,44.5655632
Cs3W2N5_mp-1119092,57,44.55884933
HgCN2_mp-29853,799,44.44215393
Sn(CN)2_mp-1246850,102,44.27557755
LiH2N_mp-1188477,839,43.97922516
Ge3NO6_mp-1212692,519,43.90678406
LiH2N_mp-1079418,418,43.89925385
Li9S3N_mp-557964,603,43.41493988
Si17NO34_mp-1179267,706,43.26205444
AgCN_mp-9519,299,43.20155716
LiH2N_mp-1105785,298,42.87754822
Yb(H2N)2_mp-1103732,397,42.55978394
C3NCl_mp-1182000,266,42.5099411
Ni(NO3)2_mp-504722,754,42.39144897
Pb(C4N3)2_mp-1246920,568,42.282341
K3NO4_mp-28202,107,42.27483749
LiH2N_mp-1189646,687,42.15869522
RbAuN12_mp-571181,256,42.0235405
KC4N3_mp-574029,810,41.95912552
C3NCl_mp-1080825,570,41.78906631
K2MnN4_mp-1194125,46,41.73515701
Cs3Mo2N5_mp-1247239,389,41.71520233
NaCN_mp-38222,965,41.37280655
CsSbN2_mp-1247319,209,41.31158447
K2ZnN12_mp-574148,572,41.29682541
C2N2O_mp-1214250,776,41.19132233
Zn(H2N)2_mp-24694,666,41.12646866
NaC2N3_mp-628583,897,41.07164001
Cs15W7N19_mp-1087549,572,41.02307129
La2NCl3_mp-1103604,412,40.84572601
LiH2N_mp-1106045,23,40.44540024
H5(NO)3_mp-555516,589,40.36342621
Sn(C4N3)2_mp-1245921,505,40.33639526
S4N5Cl_mp-606912,397,40.21478653
Y2NCl3_mp-28580,293,40.14757538
Pr2NCl3_mp-28969,126,40.11580276
BaN3Cl_mp-569812,90,39.79278946
Cs3LaN18_mp-1203144,305,39.60115433
P6N7Cl9_mp-650015,702,39.31304932
Gd2Br3N_mp-505435,232,39.04161835
TlNO3_mp-557704,529,38.98426437
Be4N6O19_mp-30142,443,38.83262634
Mn(CN)2_mp-1245492,125,38.77489853
BH7N2_mp-27612,24,38.71533966
CNCl_mp-571324,336,38.70641708
KCaN_mp-1245709,161,38.6088562
Hg(CN)2_mp-573909,40,38.51476669
Fe2NF6_mp-1198504,573,38.44734573
Li4HN_mp-30228,26,38.31828308
Sr2IN_mp-569677,244,38.28865814
Hg2NO4_mp-5824,112,38.26763153
Li7IN2_mp-675941,937,37.76359177
Ca(H2N)2_mp-644307,412,37.47299957
S4N5Cl_mp-556273,977,37.46601868
CSeN_mp-638137,158,37.10967255
Li6Br3N_mp-27508,803,37.00491333
Ba2NCl_mp-1018099,93,36.99131775
K2CdN12_mp-27970,399,36.85334015
ZrS2N_mp-1207105,63,36.8500061
Rb2ZnN12_mp-569340,442,36.7895813
HNO_mp-625385,188,36.46820831
S4N5F_mp-504830,934,36.43513489
H5N2F_mp-27235,756,36.31403351
H2NO2_mp-28349,910,36.13433838
C2SeN2_mp-1106292,449,36.12541199
C2SeN2_mp-639826,733,36.11225128
TaNF6_mp-1179212,401,36.0096817
Zn2IN_mp-1188466,194,36.00125885
Gd3NCl6_mp-651160,156,35.85137177
C2SN2_mp-616463,155,35.70664215
H2CN2_mp-703527,768,35.70183563
RbC2N3_mp-637242,138,35.64827728
Li10BrN3_mp-28989,636,35.61776733
KPbN_mp-1245569,484,35.51817322
LiH2N_mp-1087524,148,35.48007202
KC2N3_mp-571394,232,35.35157013
Mg(H2N)2_mp-24383,612,34.73092651
Hg2N2O3_mp-680303,152,34.6464386
NaNO2_mp-1173559,679,34.61566162
Na3NO2_mp-675597,127,34.47383881
Nd3NCl6_mp-570061,686,34.47296906
C5N4O3_mp-1182500,799,34.40211487
Nd2NCl3_mp-28970,996,34.39914703
TlNO2_mp-4453,204,34.05657196
B2NCl3_mp-1214908,913,33.55340576
C3IN_mp-1079290,712,33.53935242
HNO_mp-1181155,847,33.43399048
Be(N3O7)2_mp-30141,335,33.40322113
CsAuN12_mp-568861,662,33.2746582
KC2N3_mp-637235,270,33.2709198
Li5NCl2_mp-37498,953,33.23567963
Li6I3N_mp-675488,825,33.19432068
RbC2N3_mp-672200,367,32.97860718
HfNF5_mp-1212491,368,32.80866241
RbC2N3_mp-1238430,336,32.72279358
Ni(N3O2)2_mp-1103006,972,32.60610199
Pb3(NO4)2_mp-1201318,293,32.33280182
GaN5O14_mp-541950,222,32.30633545
BH2N_mp-29475,750,32.25541687
NaNO3_mp-1173585,13,32.23583221
KC2N3_mp-637256,611,31.28684998
H4N2O3_mp-625631,438,31.12632751
AgNO2_mp-5770,578,31.06994629
H4N2O3_mp-634429,544,30.95979309
Cd(CN)2_mp-4077,134,30.70133209
H4N2O3_mp-707104,44,30.50670624
KCN_mp-1223490,430,30.41385651
CBrN_mp-1182053,88,30.26820374
KCN_mp-1077078,570,30.19390106
NaNO3_mp-1220986,665,29.94595337
C2NCl_mp-1189989,942,29.93978119
CS3N4_mp-28390,34,29.92115021
La3Br6N_mp-29197,261,29.7203064
NaNO3_mp-674297,997,29.65659332
HCN_mp-644272,363,29.40931702
BNCl2_mp-23045,439,29.35171509
Ti(NO3)4_mp-30998,999,29.25741577
Cd(CN)2_mp-34656,933,28.63974762
C3IN_mp-1182130,697,28.60879517
Rb3BN2_mp-1247386,458,28.58139801
Ti(NCl)3_mp-573567,7,27.96905518
P3N4Cl5_mp-1190930,593,27.92155457
HgNCl_mp-1190779,405,27.73144531
B2H8N_mp-1197839,275,27.6452713
Cs2SrN12_mp-621930,819,27.52257538
HNO_mp-625377,682,27.3572998
H4N2O3_mp-23790,717,27.28782654
C2Se3N2_mp-542699,162,27.22303009
BH6N_mp-1105968,976,27.09739685
H3NCl_mp-1200750,85,26.97183228
Li6NCl3_mp-34038,852,26.78554535
RbNO3_mp-5073,104,26.72753906
Mo(NO4)2_mp-1198436,565,26.66967773
Li6Br3N_mp-676650,154,26.44311523
KN3O4_mp-3768,637,26.18916321
H6N2O_mp-625374,862,26.16841125
Cs2ZnN12_mp-579919,309,26.02896881
PBr2N_mp-652220,782,25.65885925
Sn(NF)2_mp-1069819,280,25.63121033
KCN_mp-20134,496,25.42467499
ThN3F7_mp-1198401,60,25.38594818
Li6Br3N_mp-569085,763,25.29682922
BH6N_mp-1106386,672,25.17742157
Mn(NO3)2_mp-542070,360,25.04138947
H4NF_mp-730190,149,25.02398682
H2CN2_mp-30094,923,24.78349304
AsN2F7_mp-685810,50,24.6818924
SNF_mp-554025,833,24.66720581
HCN_mp-644385,58,24.51061249
AsNO4_mp-1214865,478,24.49248505
HSN_mp-29349,896,24.3453064
H4N2O3_mp-696659,246,24.34169769
C2S3N2_mp-540807,27,24.27292633
H4N2O3_mp-632734,287,24.25258636
BH6N_mp-1203483,684,24.18389893
S2N2Cl_mp-29067,201,24.03882599
PSN9_mp-1020739,877,23.90201569
KNO3_mp-9475,910,23.73039246
Zr6NCl15_mp-531184,63,23.66375732
H3NO_mp-626534,874,23.62062836
BH6N_mp-1198500,493,23.5817337
H5NO2_mp-625108,747,23.57471466
H6N4O9_mp-626354,303,23.32878113
BH6N_mp-675418,425,23.09037018
RbNO2_mp-752580,905,23.08402252
Sr(H2N)2_mp-643905,709,23.05475616
BH6N_mp-1188579,545,22.93695831
NClO6_mp-27774,23,22.90328979
H3NO4_mp-626289,927,22.85658264
B3H10N_mp-1196163,96,22.84297943
Cs3NO4_mp-768311,821,22.84128571
PNF2_mp-560275,29,22.49816895
H6N4O9_mp-625365,92,22.39245605
S3N2Cl_mp-29311,427,22.34887695
B3H7N_mp-696812,413,22.34416962
Li6Br3N_mp-34326,163,22.33071899
PBr2N_mp-570315,687,22.1802063
KSnN_mp-1245821,90,21.93293762
Si3H9N_mp-24026,692,21.84421539
H8(NO2)3_mp-676050,778,21.59819031
AuN5O14_mp-560745,346,21.56539154
RbNO3_mp-13658,177,21.52262115
MoNCl3_mp-23396,658,21.32978821
H7NO6_mp-625937,922,21.30583954
CS2N_mp-30054,450,21.05427551
PNCl2_mp-652364,675,20.87194061
PNCl2_mp-648211,587,20.75687408
Si2NCl5_mp-28583,661,20.59130859
PBr2N_mp-23457,367,20.36855316
TlNO2_mp-676400,94,20.29161835
PNCl2_mp-571213,337,20.17056274
Zn(NF2)2_mp-1025221,424,20.16516113
CsC2N3_mp-1029718,308,20.02456665
H5NO5_mp-849229,20,19.88282776
INO4_mp-1102791,244,19.84155273
S7(N3O4)2_mp-28474,776,19.75746918
Te2N2O7_mp-1179247,583,19.66758728
GaN5O14_mp-557954,622,19.63948822
ReNCl4_mp-568100,218,19.51620483
HgNO3_mp-542289,300,19.47502899
Li6Br3N_mp-568365,619,19.29866028
H4I3N_mp-28281,133,19.28715515
CN6O_mp-1197543,418,19.26898193
CaNCl3_mp-1106358,752,19.25519562
Sr(H2N)2_mp-696969,455,19.18392181
Cs3NO4_mp-778950,584,19.03974152
H8NF5_mp-28124,189,18.8915863
H6N4O9_mp-626392,444,18.57371521
PNCl2_mp-23375,422,18.29232788
H7NO6_mp-625868,499,17.99671173
H7NO6_mp-626112,999,17.99302673
H7NO6_mp-626066,659,17.97486877
SNCl_mp-27952,252,17.96076965
S5N5Cl_mp-28374,301,17.73171997
H11NF8_mp-28125,725,17.64324951
Cd(NO4)2_mp-1182373,39,17.62635803
H7NO6_mp-625850,305,17.56777954
BrNO_mp-1102937,361,17.49169159
Sb2N5F11_mp-542148,58,17.45979309
Mg4N6O19_mp-779162,594,17.21831512
H4IN_mp-34381,28,17.15364075
Pd2S9N4_mp-647822,816,17.0552063
KH8N3_mp-974267,314,16.99376678
S3(NCl)2_mp-27699,209,16.99154663
SNF_mp-4937,215,16.59044647
C(NO)2_mp-1197051,287,16.5667038
P4N3Cl11_mp-570583,298,16.54324341
H7NO6_mp-626093,66,16.26495361
Sc(NF2)3_mp-1209230,609,16.01568604
CdNCl3_mp-1080000,954,15.9125061
CsNO3_mp-561851,936,15.79710388
S(NF3)2_mp-1207067,625,15.53248596
Ca(NO4)2_mp-1182253,151,15.51689148
H4NCl_mp-34337,864,15.43425751
H4N2O3_mp-1181677,732,15.39007568
SbN3Cl4_mp-27351,221,15.04938507
CSN2_mp-1182147,356,14.96247864
VN3O10_mp-1205113,110,14.92381287
H7NO6_mp-626046,437,14.84817505
PNF2_mp-31489,937,14.78908539
H7NF4_mp-28123,164,14.77745056
H7NO6_mp-626127,598,14.60547638
KNO3_mp-36903,96,14.56300354
S2N2O_mp-504826,698,14.4985199
H6N4O9_mp-1181373,664,14.44337463
CsCN_mp-1245792,341,14.4392395
ZrNF5_mp-1178609,387,14.40380096
Pb(SN)2_mp-1188269,510,14.37973785
S4(BrN)3_mp-27378,741,14.3666687
Si3NCl9_mp-1219293,510,14.3596344
H7NO6_mp-626529,932,14.28013611
H5NO5_mp-29943,187,14.2707901
H4N2O3_mp-626113,34,14.06243896
H3NO4_mp-706430,764,13.80779266
KNO2_mp-546787,771,13.67920685
CNCl_mp-27502,614,13.62673187
H6N4O9_mp-1181328,877,13.52719116
VNCl4_mp-27868,803,13.49648285
NClO_mp-1103281,573,13.36074066
KNO3_mp-6920,935,13.28469086
H3NO_mp-626543,981,13.1545105
H8N2O_mp-625790,408,13.07888031
CsCN_mp-1245795,98,13.06796265
Sn(NO3)4_mp-30989,673,12.95848083
CsS2N3_mp-1247205,352,12.94513702
S5N4O3_mp-540558,821,12.82525635
S3(NO7)2_mp-540798,529,12.62832642
H7NO6_mp-504422,706,12.61733246
Rb3H12N5_mp-1198991,175,12.3434906
PNF2_mp-559655,695,12.32655334
BeNF3_mp-1182149,306,12.18031311
H7N2F_mp-1198625,160,12.14788818
Se2Br3N_mp-29123,627,12.11117554
P4N3Cl11_mp-28792,541,12.00106812
Mo2N2O7_mp-1191629,724,11.98794556
CS3N_mp-29700,930,11.71728516
H6SN2_mp-604209,440,11.63706207
H7NO6_mp-625861,115,11.563591
Cd(NCl)2_mp-1070147,373,11.53691101
HS3N_mp-706654,958,11.49028778
Si3NCl9_mp-676128,21,11.38307953
RbH2N_mp-697144,27,11.10829163
Ni(NF7)2_mp-27806,433,11.03804016
W2NCl9_mp-583581,908,10.77785492
HS3N_mp-696216,958,10.44831848
H7NO6_mp-625948,431,10.38661957
Se2NCl5_mp-29124,192,10.32199097
ThN3O14_mp-1202518,900,10.25483704
CrN5Cl3_mp-1182156,785,10.06337738
P3NCl12_mp-569386,190,10.0344696
WN3F5_mp-29290,496,9.947639465
H5NO_mp-625927,580,9.817459106
H8S5N2_mp-28143,325,9.788124084
CsNO3_mp-1196533,663,9.745361328
PNF2_mp-554776,292,9.422172546
H8N2O_mp-625815,748,9.200866699
KNO3_mp-672644,170,8.76914978
PNF2_mp-555443,388,8.702148438
CsNO3_mp-22628,36,8.494430542
KNO3_mp-1020193,45,8.407546997
CN4Cl_mp-1190824,625,8.200263977
KNO3_mp-675625,908,8.168624878
H6N4O9_mp-1181419,447,8.049873352
ReNF6_mp-28012,267,7.886642456
Se2NCl3_mp-28791,372,7.643569946
Mo(NCl2)3_mp-1190250,609,7.632247925
LaN2Cl5_mp-1213500,37,7.447547913
HNF2_mp-1189443,41,7.414291382
H5NO_mp-1181559,772,7.316940308
H3NCl_mp-760361,93,7.102508545
Sb4S7N2_mp-1179822,398,6.817878723
H5NO_mp-625924,397,6.708557129
WNCl6_mp-1207722,335,6.631790161
S(IN)2_mp-616514,342,6.197822571
LaN3O13_mp-1182768,86,6.16532135
PNCl2_mp-672260,463,5.968360901
RbNO3_mp-752446,425,5.91796875
H4N2O3_mp-1181417,192,5.893348694
Se2NCl3_mp-571134,326,5.826728821
Cd(NO5)2_mp-1192817,575,5.753326416
PNO4_mp-1209569,907,5.692893982
H6N4O9_mp-1181093,574,5.480728149
H4N2O3_mp-1181430,455,5.33001709
CSN2_mp-1182167,589,5.244316101
H3NO4_mp-626256,682,5.216316223
HS3N_mp-27669,309,4.872772217
NClO3_mp-1180300,597,4.7605896
S(IN)2_mp-1179634,220,4.620895386
PNF2_mp-560008,3,4.561912537
Te(NO3)2_mp-1079569,772,4.365821838
H8N2O_mp-625819,742,3.986732483
GeN3F7_mp-1196527,478,3.876930237
H4N2O3_mp-626006,668,3.852989197
NClO_mp-505727,298,3.418609619
H4NF_mp-23794,507,3.343040466
S4N4O3_mp-540808,770,3.115859985
CsNO2_mp-3288,683,2.969062805
RbNO3_mp-38220,343,2.668830872
C2S9N2_mp-30063,738,2.375526428
KNO2_mp-29200,809,2.209632874
SbN2F5_mp-1105635,754,2.084762573
KNO3_mp-676851,929,1.891998291
S3N2O5_mp-29224,556,1.879241943
CsH5N2_mp-1184037,231,1.833480835
RbNO3_mp-614951,10,1.56288147
BNF8_mp-1196191,329,1.471374512
SbN2F5_mp-1197198,378,1.426704407
PNF2_mp-555292,387,1.314697266
SbN2F5_mp-1105694,8,1.283973694
HgNO2_mp-541067,459,1.239097595
H4NF3_mp-1212676,111,1.137496948
BNF4_mp-1182455,918,0.80670929
HS7N_mp-23977,835,0.394897461
Pd(S3N)2_mp-27722,622,-0.135559082
H4N2O3_mp-625994,88,-0.221633911
NClO3_mp-754712,185,-0.540550232
PNO3_mp-1179819,432,-0.712669373
SbN2Cl5_mp-1179570,837,-0.883880615
H4BrN_mp-23675,982,-0.93687439
SbNF4_mp-1202415,754,-1.190917969
C(NO)2_mp-1214325,821,-1.471420288
I3NO9_mp-1194757,647,-1.920249939
Fe(NF2)3_mp-1095055,626,-2.153007507
Zr(NF3)2_mp-1178636,209,-2.310081482
HNF2_mp-707160,54,-2.870429993
Zn(NCl2)2_mp-1178849,354,-3.034706116
HNO3_mp-1224772,112,-3.290336609
BrNO3_mp-29526,418,-3.468566895
HS7N_mp-24290,323,-3.482460022
Th(NF2)4_mp-1179162,915,-3.868034363
KNO2_mp-1067154,195,-4.029022217
H7IN2_mp-721084,620,-4.087944031
HS8N_mp-29491,229,-5.015106201
Be(NF2)2_mp-1182429,396,-5.061027527
W(NF2)3_mp-1207764,46,-5.089622498
Sc(NF2)3_mp-1179550,174,-5.647705078
HS9N_mp-505451,405,-5.931755066
BH4N_mp-1228732,64,-6.848922729
AsS4N3_mp-1200088,220,-10.80899811
P2SN6_mp-1210609,57,-14.98922729
Zn(NCl2)2_mp-1178703,973,-15.10196686
INO3_mp-754661,114,-17.22864532
S2NO_mp-557302,176,-18.40760803
S3(NO)2_mp-3496,136,-23.55406952
SeNO4_mp-1209541,404,-24.50430298
SNF3_mp-1209117,776,-26.59137726
C2N2O5_mp-1188168,317,-26.88159943
PNO4_mp-1190793,215,-33.07941437
C2N2O5_mp-1182116,580,-34.01029205
