material,material_id,prediction
B2(CN2)3,mp-989468,473.0012512207031
B2(CN2)3,mp-989466,434.5447998046875
SrC7N10,mp-1245820,426.5418090820313
CaC7N10,mp-1247296,426.4334411621094
PbC7N10,mp-1246015,426.1487731933594
B2CN2,mp-1228638,415.68743896484375
BaC7N10,mp-1245412,411.0608520507813
BC2N,mp-1079201,403.2356872558594
BC2N,mp-1078541,389.8583068847656
AlB3N4,mp-1019379,330.07421875
BeCN2,mp-1189451,325.5093994140625
HC2N3,mp-1103408,308.69439697265625
TaNO,mp-4165,259.4398803710937
Si2N2O,mp-4400,255.82876586914065
NbNO,mp-781710,249.1664123535156
Hf2N2O,mp-754833,230.75173950195312
Hf2N2O,mp-761019,229.3878936767578
Zr2N2O,mp-755205,225.67092895507807
Hf2N2O,mp-780050,225.52386474609372
Si2AgN3,mp-1247312,224.712646484375
Hf2N2O,mp-780169,224.70416259765625
Hf2N2O,mp-755314,224.41696166992188
Hf2N2O,mp-760052,223.01809692382807
Si(GeN2)2,mp-1020663,222.7009735107422
Zr2N2O,mp-776245,220.13180541992188
Si2N2O,mp-2948,219.31961059570312
ScAlN2,mp-1246066,218.92291259765625
Zr2N2O,mp-776273,218.802490234375
Zr7N2O11,mp-675751,217.68307495117188
Si2N2O,mp-4644,216.42247009277344
Zr2N2O,mp-755368,216.28677368164065
Zr2N2O,mp-775863,214.91851806640625
Zr4N2O5,mp-758272,211.7483367919922
Zr4N2O5,mp-34584,211.46926879882807
Zr4N2O5,mp-34898,211.2867431640625
Zr7(NO2)4,mp-561974,206.7086181640625
Hf2N2O,mp-776220,205.99575805664065
Hf2N2O,mp-779973,205.05984497070312
Zr7(NO2)4,mp-35527,204.7705535888672
Hf2N2O,mp-780234,204.6795654296875
Hf2N2O,mp-780060,204.5067443847656
Hf2N2O,mp-779863,204.31838989257807
Be(PN2)2,mp-1019545,204.30642700195312
Hf2N2O,mp-779974,204.2005157470703
Hf2N2O,mp-779980,204.01934814453125
Hf2N2O,mp-756096,203.97976684570312
Hf2N2O,mp-780075,203.9180603027344
Hf2N2O,mp-780230,203.79071044921875
Hf2N2O,mp-775783,203.70166015625
Hf2N2O,mp-779833,203.6669464111328
Hf2N2O,mp-776225,203.61801147460935
Hf2N2O,mp-775785,203.5406951904297
Hf2N2O,mp-754837,203.38278198242188
Hf2N2O,mp-776259,203.12496948242188
Hf2N2O,mp-775784,202.79324340820312
Hf2N2O,mp-779975,202.76492309570312
Hf2N2O,mp-780232,202.65359497070312
Hf2N2O,mp-779982,202.644287109375
Hf2N2O,mp-776213,202.630126953125
Hf2N2O,mp-775799,202.62533569335935
Hf2N2O,mp-754361,202.6210021972656
Hf2N2O,mp-775786,202.6144561767578
Hf2N2O,mp-779739,202.57015991210935
Hf2N2O,mp-776212,202.55270385742188
Hf2N2O,mp-780231,202.4837951660156
YWN3,mp-989407,202.45118713378903
GaB2N3,mp-1245554,202.3355865478516
Hf2N2O,mp-779864,202.18121337890625
Hf2N2O,mp-776214,202.1185760498047
Hf2N2O,mp-757336,202.0924530029297
Hf2N2O,mp-776226,202.03616333007807
Hf2N2O,mp-780061,202.0076904296875
Hf2N2O,mp-780274,201.78363037109372
Hf2N2O,mp-779738,201.6558837890625
Hf2N2O,mp-779837,201.4906463623047
Zr2N2O,mp-775849,201.4501953125
SmBN2,mp-1192040,201.44854736328125
Hf2N2O,mp-779979,201.17605590820312
Hf2N2O,mp-675093,200.35787963867188
LaMoN3,mp-989552,196.1671600341797
Ti2N2O,mp-776229,193.17648315429688
Ti2N2O,mp-776280,192.80032348632807
Zr2N2O,mp-775866,192.65789794921875
Zr2N2O,mp-776315,192.53659057617188
Zr2N2O,mp-775823,191.9918670654297
Zr2N2O,mp-776337,191.66177368164065
Zr2N2O,mp-775844,191.60745239257807
Zr2N2O,mp-776260,191.5770721435547
Zr2N2O,mp-776363,191.53549194335935
Zr2N2O,mp-775802,191.4671173095703
Zr2N2O,mp-776271,191.02761840820312
Zr2N2O,mp-1101159,190.9688720703125
Zr2N2O,mp-775805,190.9278564453125
Zr2N2O,mp-776362,190.46664428710935
Zr2N2O,mp-776335,190.37782287597656
Zr2N2O,mp-776281,190.3392333984375
Zr2N2O,mp-775843,190.30545043945312
Ti2N2O,mp-776336,190.24822998046875
Zr2N2O,mp-776314,189.8907165527344
Zr2N2O,mp-756029,189.82049560546875
Zr2N2O,mp-775822,189.68572998046875
Zr2N2O,mp-766238,189.58001708984372
Zr2N2O,mp-775861,189.5269775390625
Zr2N2O,mp-776246,189.46728515625
Ti2N2O,mp-775829,189.46717834472656
Zr2N2O,mp-675993,189.44406127929688
Zr2N2O,mp-775824,189.3055419921875
Ti2N2O,mp-849331,189.2795867919922
Zr2N2O,mp-776360,189.1581268310547
Ti2N2O,mp-776313,189.110107421875
Hf2SN2,mp-1017567,188.60308837890625
Zr2N2O,mp-674947,188.26919555664065
Zr2N2O,mp-776239,187.59719848632807
Al2(CN2)3,mp-1029975,187.50054931640625
Mg3MoN4,mp-1245496,186.4771728515625
AlMoN3,mp-1246835,185.55856323242188
SiPN3,mp-1219220,185.420654296875
Sc3Si6N11,mp-1245870,184.63470458984372
SiPN3,mp-36053,183.7915954589844
LaReN3,mp-989614,183.419189453125
Ge2N2O,mp-777843,183.33627319335935
LaBN2,mp-29597,182.80422973632807
TaNO,mp-5813,181.5562438964844
Ge2N2O,mp-773667,180.86669921875
Si7PtN10,mp-1247253,180.31640625
Sc5(SiN3)3,mp-1246340,179.9498291015625
ScWN3,mp-1246967,179.73068237304688
Al5C3N,mp-5496,179.4199981689453
YWN3,mp-989617,178.11111450195312
YWN3,mp-989645,177.70166015625
Y5(SiN3)3,mp-1245467,177.67935180664062
Zr2AgN3,mp-1246060,176.78750610351562
Sm3Si6N11,mp-16995,176.69479370117188
NdBN2,mp-1192144,175.7666473388672
Al3NO3,mp-675601,175.7054901123047
Sc3Ge6N11,mp-1246008,175.50009155273438
YGaN2,mp-1246253,175.40499877929688
Al3NO3,mp-1228939,175.35043334960938
AlGaN2,mp-1228894,174.12741088867188
Sc2GaN3,mp-1245733,173.498291015625
Sc5(GeN3)3,mp-1247007,173.32098388671875
SiGeN2,mp-1246001,173.21356201171875
Y3Ge6N11,mp-1245407,173.03582763671875
La5B4N9,mp-29594,172.807373046875
Mg2NbN3,mp-1246788,172.30027770996094
HCN,mp-1102232,171.83917236328125
Al2GaN3,mp-1228953,171.82449340820312
YAlN2,mp-1245678,171.5339813232422
Si7GeN10,mp-1247135,171.51708984375
MnSi7N10,mp-1246278,171.37203979492188
Y5(GeN3)3,mp-1245368,171.24935913085938
AlGa3N4,mp-1228943,171.1715545654297
Hf2N2O,mp-775787,171.16815185546875
NaP4N7,mp-29598,170.66885375976562
Al3GaN4,mp-1228436,170.5230712890625
Ga3Ge3N5,mp-1246429,170.24293518066406
Rh2(CN2)3,mp-1246752,170.0396270751953
Mg3(AlN2)2,mp-1246676,169.94210815429688
Hf2N2O,mp-775788,169.8976287841797
MgSi7N10,mp-1247105,169.74642944335938
InSiN2,mp-1247068,169.73196411132812
La3Si6N11,mp-1019893,169.52651977539062
Hf3N2O3,mp-760360,169.48263549804688
La3B2N5,mp-29990,169.4819793701172
Hf3N2O3,mp-760007,169.4557647705078
ZnSi7N10,mp-1247281,169.41708374023438
Hf3N2O3,mp-761033,169.23495483398438
Al3GaN4,mp-1019378,169.15927124023438
Nd3Si6N11,mp-1209932,168.9973907470703
Hf3N2O3,mp-754668,168.95867919921875
CdSi7N10,mp-1246101,168.28701782226562
Y2GaN3,mp-1245627,168.14239501953125
LaSi3N5,mp-1019967,168.06961059570312
Si6Sb3N11,mp-1247016,168.0201416015625
Ga2(CN2)3,mp-1245974,167.546142578125
NdSi3N5,mp-1209901,167.5196533203125
ScMoN3,mp-1246879,167.09918212890625
Cd(PN2)2,mp-1196424,166.935302734375
SiGeN2,mp-1246712,166.58401489257812
LaWN3,mp-989646,166.2755584716797
Al17(NO7)3,mp-675472,166.0595245361328
Y2AlN3,mp-1246082,166.01934814453125
Ga3NO3,mp-754781,165.44813537597656
YGa2N3,mp-1246878,165.25296020507812
YAl2N3,mp-1247331,165.2497100830078
Mg2Si5N8,mp-1246296,165.1743621826172
YAlN2,mp-1245626,165.00552368164062
BeSiN2,mp-1227309,164.65988159179688
Mg3(GaN2)2,mp-1246041,164.4003143310547
Al2InN3,mp-1246874,164.17416381835938
Ga3NO3,mp-754991,163.85031127929688
Th2N2O,mp-1206128,163.47354125976562
Zr3N2O3,mp-754659,163.15603637695312
PrSi3N5,mp-1209344,163.1443328857422
Si7SnN10,mp-1245434,163.13714599609375
LaMoN3,mp-989534,162.6148223876953
PrBN2,mp-9028,162.52682495117188
B2(CN2)3,mp-1096872,162.50350952148438
ScAlN2,mp-1246075,162.45758056640625
CaSi7N10,mp-1246629,162.29685974121094
Zr3N2O3,mp-1101160,162.25323486328125
YGaN2,mp-1246280,162.16864013671875
Si7PbN10,mp-1246059,162.10150146484375
Cd2Si5N8,mp-1247495,162.08633422851562
Zr3N2O3,mp-755132,162.03030395507812
Zn(SbN2)2,mp-1271275,161.98521423339844
Pr3Si6N11,mp-16929,161.92189025878906
Si7CN10,mp-1247547,161.7069091796875
MgGe7N10,mp-1247274,161.57244873046875
Zr3N2O3,mp-755998,161.56854248046875
Al11NO15,mp-675682,161.5283660888672
ZnGe7N10,mp-1245442,161.29718017578125
Ti3N2O3,mp-754790,161.2377471923828
Zn2Si5N8,mp-1247426,160.80288696289062
Ru(CN)2,mp-1245675,160.79620361328125
Ti3N2O3,mp-755054,160.7310791015625
Si2AuN3,mp-1246525,160.64767456054688
KP4N7,mp-505495,160.25912475585938
Si6Bi3N11,mp-1247410,160.20506286621094
AlInN2,mp-1246285,160.20416259765625
SrSi7N10,mp-570598,159.6987762451172
Ge6Bi3N11,mp-1245416,159.35581970214844
ZrNF,mp-1207386,159.16864013671875
Hf2SN2,mp-1069533,159.14852905273438
CdGe7N10,mp-1247304,158.7665252685547
YAlN2,mp-1245628,158.6461944580078
CuPN2,mp-1078469,158.54283142089844
Ti3N2O3,mp-849335,157.696533203125
Ca3B3N5,mp-1245874,157.36317443847656
BMoN3,mp-1246423,156.98849487304688
AlInN2,mp-1247201,156.56423950195312
La5(SiN3)3,mp-569576,156.25375366210938
CaGe7N10,mp-1247307,155.93829345703125
Ta3NO6,mp-1193678,155.7056427001953
Zn2Ge5N8,mp-1246272,155.474853515625
Mg(GeN)2,mp-1247326,154.94651794433594
Ge7PbN10,mp-1246521,154.91574096679688
AlWN3,mp-1246403,154.79464721679688
Ti3N2O3,mp-755047,154.37054443359375
BaSi7N10,mp-29703,154.33538818359375
SrGe7N10,mp-1247194,153.9447479248047
Al6W5N16,mp-1246158,153.35205078125
Ga11NO15,mp-676333,152.6148681640625
Al2Zn3N4,mp-1246018,152.16989135742188
Mg5(SiN3)2,mp-1246202,151.54397583007812
B2(CN2)3,mp-989459,151.512451171875
RbP4N7,mp-505496,151.43739318847656
KSi5N7,mp-1029584,151.38150024414062
Ga3C3N7,mp-1245347,150.9619598388672
GaMoN3,mp-1246681,150.82522583007812
La2GaN3,mp-568036,150.6456298828125
NaSi5N7,mp-1246168,150.5515594482422
AlInN2,mp-1245856,150.4635009765625
Ca(VN2)2,mp-1246211,150.44210815429688
TaGaN2,mp-1246663,150.35690307617188
ZrGeN2,mp-1245523,150.24339294433594
GaSi2N3,mp-1246892,149.724853515625
CuSi2N3,mp-1247244,149.37722778320312
ZnSiN2,mp-1020712,149.14553833007812
Si2AgN3,mp-1246476,149.06700134277344
Si5(PbN4)2,mp-1246988,148.86834716796875
Ca2Si5N8,mp-570645,148.2161865234375
BaGe7N10,mp-1029679,147.8310546875
Ca2Si5N8,mp-28922,147.52639770507812
Sr2Si5N8,mp-9710,147.28622436523438
Y2AlN3,mp-1245982,146.798095703125
GaBiN2,mp-1246447,145.48611450195312
CsP4N7,mp-679983,145.23052978515625
Th2HN3,mp-1019323,144.67608642578125
Y2GaN3,mp-1245470,144.6715087890625
AlBiN2,mp-1245430,144.51148986816406
CdSiN2,mp-1245559,143.94003295898438
Zn2PN3,mp-1102523,143.88275146484375
Mg3Ga3N5,mp-1247451,143.8703155517578
Pr5(SiN3)3,mp-1200944,143.5474853515625
Sr(PN2)2,mp-645364,143.45587158203125
InBN2,mp-1246811,143.13641357421875
Mg5(SiN3)2,mp-1246577,143.056640625
InBN2,mp-1246039,142.84457397460938
Mg3Sc2N4,mp-1246853,142.82398986816406
Mg3MoN4,mp-1245509,142.7957763671875
Tm2(CN2)3,mp-1205483,142.17501831054688
AlBiN2,mp-1245799,141.26739501953125
Mg7SiN6,mp-1246442,141.13087463378906
SiSnN2,mp-1246131,140.69790649414062
SnGeN2,mp-1246002,140.62646484375
YWN3,mp-989615,140.59222412109375
K3P6N11,mp-14565,140.21063232421875
YMoN3,mp-989604,140.11041259765625
Na3P6N11,mp-28161,139.72071838378906
CdSiN2,mp-1246975,139.5928955078125
CdSiN2,mp-1245562,139.42364501953125
NbAgN2,mp-1245369,139.0745086669922
TaAgN2,mp-1246632,138.86248779296875
Li2HfN2,mp-1097065,138.5193634033203
Y2InN3,mp-1247357,137.89097595214844
TaAuN2,mp-1246762,137.19515991210938
Si3Sb5N9,mp-1245610,136.5690155029297
Zn5(SiN3)2,mp-1246318,136.40211486816406
Mg5(GeN3)2,mp-1246077,136.30062866210938
LaCrN3,mp-989612,135.9305877685547
Y2ScN3,mp-1246828,135.83297729492188
Ti(ZnN)4,mp-1246954,134.72695922851562
Ba(PN2)2,mp-2983,134.40187072753906
Si3Bi5N9,mp-1246267,134.00018310546875
HfPbN2,mp-1247467,133.31033325195312
Th10N9F13,mp-677238,133.25680541992188
Mg7GeN6,mp-1246128,132.99644470214844
Rb3P6N11,mp-16107,132.91416931152344
SrWN3,mp-989625,132.75411987304688
ScBN2,mp-1245522,132.6298065185547
TaZn2N3,mp-1029387,132.4879913330078
Ca(GeN)2,mp-1246570,132.4322509765625
ThCN,mp-30521,132.14749145507812
Mg4TiN4,mp-1245488,131.99520874023438
Ge3Bi5N9,mp-1246899,131.87660217285156
Ge2N2O,mp-1178193,131.4046173095703
Mg4SiN4,mp-1247369,130.93028259277344
Ca5(CN3)2,mp-1247395,130.44346618652344
LaWN3,mp-989633,129.84852600097656
Zn3WN4,mp-1245967,129.4723358154297
ThNF,mp-8226,129.4079132080078
SrTi7N10,mp-1247012,129.15528869628906
CaSiN2,mp-568965,129.09925842285156
Ca2PN3,mp-8977,128.73489379882812
Sr(VN2)2,mp-1246716,128.5695343017578
LaMoN3,mp-989631,128.38438415527344
Ge2N2O,mp-867745,127.66107177734376
CsSi2N3,mp-1245989,127.4518814086914
RbSi2N3,mp-1245922,127.37132263183594
Mg4ZrN4,mp-1247282,127.3337173461914
Zn3MoN4,mp-1246430,127.289794921875
Mg4CN4,mp-1245729,126.87409210205078
Si2N2O,mp-4497,126.84420776367188
Y2Mg3N4,mp-1245474,126.81061553955078
Mg3(GaN2)2,mp-1246046,126.80559539794922
Cs3P6N11,mp-16108,126.31672668457033
CaTiN2,mp-1029572,125.06417846679688
KSi2N3,mp-1029418,125.05036926269533
Ge2N2O,mp-778194,124.21783447265624
Ge2N2O,mp-1178197,123.893798828125
V2PbN4,mp-1246122,123.80743408203124
HC2N3,mp-1200473,123.04527282714844
HC2N3,mp-1199197,123.01596069335938
HC2N3,mp-1202251,122.82647705078124
ZrPbN2,mp-1247300,122.79617309570312
Ge2N2O,mp-779457,122.596923828125
GaBiN2,mp-1246627,121.69120025634766
PHN2,mp-697139,120.94444274902344
Y2Zn3N4,mp-1246637,120.82083892822266
Ca3(AlN2)2,mp-570258,120.48301696777344
Mg3WN4,mp-1030015,120.35858154296876
SrZrN2,mp-1029275,120.10562133789062
P4N6O,mp-531317,119.77870178222656
Ca3Ga3N5,mp-1246748,119.37274932861328
Ge2N2O,mp-777483,118.81511688232422
SiPbN2,mp-1245744,118.58522033691406
Mg3MoN4,mp-1245480,118.26527404785156
Th2SN2,mp-7769,117.71090698242188
Mg4GeN4,mp-1247225,117.22735595703124
SiPbN2,mp-1245777,115.68885040283205
Ca3(AlN2)2,mp-29820,115.28478240966795
Ca(GaN)2,mp-1246270,115.24881744384766
Sc2(CN2)3,mp-1029602,115.15123748779295
PHN2,mp-35220,114.67438507080078
Ca3(GaN2)2,mp-571162,114.12351989746094
GePbN2,mp-1245525,114.0881805419922
TiNF,mp-1216730,113.99119567871094
Ca3(AlN2)2,mp-570505,113.5902099609375
P4N6O,mp-28950,113.44083404541016
SrGeN2,mp-1029497,113.00992584228516
Lu2(CN2)3,mp-568116,112.91436004638672
Li2SiN2,mp-684024,112.56503295898438
HfNCl,mp-541911,112.18025207519533
Ca3UN4,mp-675286,112.1173324584961
NaPN2,mp-10572,111.78547668457033
Sm2(CN2)3,mp-568498,111.35710144042967
In2(CN2)3,mp-1029677,111.33448028564452
Mg7SnN6,mp-1247112,111.11434173583984
Si2SeN2,mp-1245915,110.6665496826172
Ge2SeN2,mp-1247419,110.4546127319336
Ga3NO3,mp-1178206,110.37691497802734
Th2SeN2,mp-7768,110.25847625732422
BaWN3,mp-989636,109.97442626953124
Ca3UN4,mp-1247754,109.65811157226562
NaSbN2,mp-1245746,109.39714050292967
Ga3NO3,mp-778065,108.76634216308594
Mg3(BiN2)2,mp-1245952,108.76419067382812
Na3Si3N5,mp-1246579,108.2926788330078
VPb2N3,mp-1245652,107.52891540527344
Sr3Ga3N5,mp-570971,107.4223861694336
Si2TeN2,mp-1245985,107.14063262939452
Ba(VN2)2,mp-1029918,106.73216247558594
Ga3NO3,mp-754929,106.3389663696289
CaTcN3,mp-989634,105.84950256347656
VCd2N3,mp-1245469,105.48712158203124
CaReN3,mp-989606,104.81075286865234
GeCN2,mp-1245873,104.34327697753906
Li5P2N5,mp-530933,104.2237777709961
Zn3SbN3,mp-1271278,102.8803253173828
Mg3MoN4,mp-1245510,102.75081634521484
Ca2TaN3,mp-1029773,102.20384979248048
Ca5(SiN3)2,mp-571333,101.65298461914062
Ru(C4N3)2,mp-1246365,101.46819305419922
Sc4S3N2,mp-1246111,100.96910095214844
Ca5(SiN3)2,mp-1019578,100.85717010498048
Lu2(CN2)3,mp-607712,100.68054962158205
C6N7Cl3,mp-1214997,100.57806396484376
VPb2N3,mp-1245619,99.8910140991211
InBi2N3,mp-1247397,98.92618560791016
HfBrN,mp-30302,98.84201049804688
CNO2,mp-1214309,98.23995971679688
K3Si3N5,mp-1247442,97.5224609375
SrTcN3,mp-989627,97.0735321044922
Ca3Y2N4,mp-1247501,96.74423217773438
Y3Pb3N5,mp-1246573,96.59774017333984
Sr3(GaN2)2,mp-16945,96.54077911376952
Li2ThN2,mp-27487,96.0840072631836
Ca5(GeN3)2,mp-1247566,96.06966400146484
HoNO4,mp-1224153,96.0567398071289
Sr2VN3,mp-17012,95.9990692138672
Sb2(CN2)3,mp-1245514,95.93132019042967
Mg3BN3,mp-28955,95.77427673339844
B3C3N7,mp-1246452,95.68903350830078
BaSiN2,mp-3777,95.2405242919922
Bi3C3N7,mp-1246589,95.18832397460938
W4NO12,mp-1216288,94.79640197753906
Ca3Sc2N4,mp-1245447,94.46473693847656
Sc4S3N2,mp-1246833,94.3507080078125
LiGeN,mp-1246087,94.03304290771484
TaPb2N3,mp-1247316,93.9927215576172
Ca3Sc3N5,mp-1246493,93.7944793701172
SrReN3,mp-989623,93.64923858642578
Li3W2N5,mp-1245410,93.5399932861328
Al(CN)3,mp-35327,93.46139526367188
Al(CN)3,mp-1229076,93.41065216064452
Ba3Al3N5,mp-1247525,93.14869689941406
Ca4SiN4,mp-1019576,92.99799346923828
Ti2Pb5N6,mp-1246958,92.78748321533205
Ca7CN6,mp-1245373,92.0992202758789
Sr4C2N5,mp-1245714,92.05264282226562
Ba3Ga3N5,mp-1019515,91.97681427001952
Ca4GeN4,mp-29808,91.94761657714844
Y2(CN2)3,mp-1029920,91.65357208251952
ZrBrN,mp-541912,90.17591857910156
BaGeN2,mp-1029743,89.48369598388672
Ru(C4N3)2,mp-1245789,89.4058837890625
Ti(PbN)4,mp-1246003,89.3841781616211
BaWN3,mp-989622,89.3517074584961
Ca5(TiN3)2,mp-1247343,88.63439178466797
Sr3C3N5,mp-1247168,88.06703186035156
Li4TaN3,mp-30129,88.06053161621094
Ca2SbN3,mp-1246528,88.04247283935547
Gd(C2N3)3,mp-672360,87.86338806152344
Na2GeN2,mp-1029851,87.81832885742188
Sr3(BN2)2,mp-1029510,87.69425201416016
YNO4,mp-1216049,87.3946533203125
ThNCl,mp-28065,87.3459243774414
Li15W7N19,mp-1245780,87.12606811523438
Ca5Hf2N6,mp-1245479,87.03157043457031
Y4S3N2,mp-1246514,86.82899475097656
NaGeN,mp-1246750,86.62760162353516
NaC2N3,mp-570248,86.5018081665039
Sr5Hf2N6,mp-1247284,86.42521667480469
Ca5VN5,mp-1247440,86.1806411743164
Sr5(GeN3)2,mp-571046,86.13359832763672
Sr5Mo2N7,mp-31231,85.19414520263672
Zr(PbN)4,mp-1246987,85.0448989868164
Mo6NO18,mp-1221507,85.02963256835938
Sr3CrN4,mp-7214,84.67704772949219
Sr3Sc3N5,mp-1245988,83.94050598144531
NaNbN2,mp-1030657,83.93252563476562
Ca5(SnN3)2,mp-1247524,83.79776000976562
H3C3N5,mp-1212579,83.55987548828125
Li6SN4,mp-1247242,83.47169494628906
Y4S3N2,mp-1246909,83.43312072753906
Li5SiN3,mp-686208,83.39534759521484
Y4S3N2,mp-1246598,83.0809326171875
Sr3MoN4,mp-570046,82.66725158691406
BaReN3,mp-989637,82.66099548339844
Sr3(BiN2)2,mp-1246321,82.35279846191406
Ca3(BiN2)2,mp-1246566,82.22711181640625
Sr3MoN4,mp-31356,82.09366607666016
Sr5(TiN3)2,mp-1247347,81.93395233154297
Sr3Sc2N4,mp-1246980,81.6903076171875
Ag2CN2,mp-574486,81.5640640258789
Sr3Bi3N5,mp-1246221,81.56242370605469
Mg3AsN,mp-1206514,81.35714721679688
Dy3S3N,mp-556247,80.71051788330078
Sb2(CN2)3,mp-1245995,80.54298400878906
Sm(C2N3)3,mp-569221,80.39141845703125
Ca3(SbN2)2,mp-1246362,80.34562683105469
Ca3TeN4,mp-1245586,80.33390045166016
CSN2,mp-1181789,80.31088256835938
Sr(SbN2)2,mp-1246405,80.05998229980469
Li5GeN3,mp-531553,79.76194763183594
Ni(C2N3)2,mp-22405,79.7601089477539
H9C6N11,mp-1213393,79.68807220458984
Ca7GeN6,mp-570555,79.44197845458984
Na3AlN2,mp-1246847,79.21577453613281
Sr2SbN3,mp-1246679,79.18824005126953
Pt(CN)2,mp-1247533,79.10322570800781
Li(CN)2,mp-1001079,79.09343719482422
Li7PN4,mp-14712,78.95063018798828
Sr3Sc2N4,mp-1245487,78.93772888183594
Sr4GeN4,mp-1246370,78.88362121582031
Ba3(AlN2)2,mp-17133,78.43277740478516
La4S3N2,mp-556958,78.3429946899414
Sr5(SnN3)2,mp-1245859,78.00371551513672
Ba(SbN2)2,mp-1246824,78.00188446044922
Al(C2N3)3,mp-1245920,77.81303405761719
Sr3Y3N5,mp-1246857,77.67231750488281
SrSnN2,mp-1247246,77.39088439941406
Bi2(CN2)3,mp-1247346,77.1987075805664
Ca3(BN2)2,mp-531265,77.14555358886719
Li5TiN3,mp-686129,77.04539489746094
Ca3Sc2N4,mp-1246427,76.75697326660156
Gd3S3N,mp-647096,76.6630630493164
Ca2MgN2,mp-1247107,76.5927734375
Nd(C2N3)3,mp-31320,76.0580062866211
LiSnN,mp-1245983,75.96556091308594
Ba3B3N5,mp-1246449,75.85415649414062
Tb3S3N,mp-18164,75.78328704833984
Sr5NbN5,mp-10577,75.71409606933594
Ba2NbN3,mp-17024,75.60875701904297
Ca(C2N3)2,mp-29960,75.32394409179688
BaMg2N2,mp-1247195,75.29281616210938
Ca4SN4,mp-1246149,74.96688079833984
Ca4CrN4,mp-1246207,74.83952331542969
LiSbN2,mp-1245532,74.47403717041016
B2(CN2)3,mp-1097791,74.36117553710938
Ba2TaN3,mp-17400,74.3490982055664
Sm4S3N2,mp-3062,74.22855377197266
LiSbN2,mp-1245529,74.21432495117188
Ba3(GaN2)2,mp-18297,74.1970443725586
Ba2VN3,mp-17696,74.16252899169922
Li7VN4,mp-582259,74.0774917602539
B5(H2N)2,mp-29306,73.5499038696289
La3S3N,mp-555129,73.40608215332031
Li7VN4,mp-4825,73.38319396972656
Zn(C4N3)2,mp-1245475,73.090087890625
La4Se3N2,mp-1205351,72.90081787109375
Ca7Mg2N6,mp-1245857,72.89350891113281
Sm(NO3)3,mp-1203930,72.76922607421875
Sm3S3N,mp-4038,72.73284149169922
HfNF4,mp-1181147,72.68047332763672
Pr(C2N3)3,mp-567763,72.66707611083984
Li15Cr2N9,mp-530262,72.6351318359375
ZrNCl,mp-672350,72.44012451171875
Sr7SiN6,mp-1245748,72.2979736328125
Ca7HfN6,mp-1245388,72.18851470947266
Li6SeN4,mp-1246359,71.83323669433594
Ca7ZrN6,mp-1246171,71.79652404785156
Ca7SnN6,mp-1246105,71.69807434082031
La(C2N3)3,mp-31321,71.63966369628906
Bi2(CN2)3,mp-1246532,71.56571197509766
KGeN,mp-1245591,71.55794525146484
ZrBrN,mp-1172825,71.55622100830078
Pr4S3N2,mp-558617,71.46853637695312
KGeN,mp-1245592,71.43290710449219
KTaN2,mp-570755,71.38298034667969
B2(CN2)3,mp-989461,71.20135498046875
Dy3Se3N,mp-567391,71.15577697753906
Ga(C2N3)3,mp-1246040,70.61564636230469
Na3W2N5,mp-1029565,70.60287475585938
Ca7TiN6,mp-1245387,70.28752136230469
H13(C5N)2,mp-605048,70.28329467773438
Ho(NO3)3,mp-1200900,70.07648468017578
KNbN2,mp-1029504,70.05455017089844
Li3BN2,mp-5914,69.97478485107422
Ba5(SiN3)2,mp-29060,69.86945343017578
Tb4Se3N2,mp-30291,69.86526489257812
Ba5Zr2N6,mp-1246780,69.34580993652344
Sr3Sb3N5,mp-1247452,69.31910705566406
Si2SN2,mp-1247315,69.27900695800781
Li3BN2,mp-5001,69.18952941894531
MgTeN2,mp-1245604,69.11738586425781
Li6TeN4,mp-1247058,69.07595825195312
Ca4SeN4,mp-1246129,68.98539733886719
Mg(C4N3)2,mp-1246252,68.85121154785156
LiNO2,mp-1176591,68.76811218261719
Ba3Sc3N5,mp-1247430,68.70549011230469
Pr3NF6,mp-33319,68.66655731201172
Na3Mo2N5,mp-1029845,68.65778350830078
Ca3Y2N4,mp-1247388,68.59426879882812
Mg(C2N3)2,mp-10553,68.47225952148438
Ca11(CN5)2,mp-4800,68.36256408691406
Li9CrN5,mp-675918,68.18582153320312
Sr7TiN6,mp-1245386,68.12326049804688
H8CN6,mp-28551,67.89111328125
Li7BiN4,mp-1029517,67.79804229736328
PNO,mp-38975,67.62779235839844
Ba3Bi3N5,mp-1247542,67.48143005371094
Tm(NO3)3,mp-1203703,67.37998962402344
RbTaN2,mp-568557,67.16171264648438
Er(NO3)3,mp-1197536,67.08621215820312
Mg(C4N3)2,mp-1246239,67.02628326416016
Zn(C4N3)2,mp-1245462,67.01148986816406
Tl2CN2,mp-570443,66.70658874511719
Pr3S3N,mp-558940,66.65177917480469
Ba5Hf2N6,mp-1246779,66.56718444824219
CSN2,mp-1214102,66.4888916015625
Pr4Se3N2,mp-31303,66.3635482788086
Ba3Y3N5,mp-1246917,66.3289794921875
Ca4TeN4,mp-1247368,66.20951843261719
Sr3(SbN2)2,mp-1246469,66.20214080810547
Pd(CN)2,mp-1245838,66.05772399902344
Nd3S3N,mp-554001,65.68946075439453
Na3ScN2,mp-1246174,65.62420654296875
Dy(NO3)3,mp-1196716,65.53007507324219
Y(C2N3)3,mp-1246518,65.48716735839844
B9H11N4,mp-28668,65.22843933105469
Ca5MgN4,mp-1246397,65.22535705566406
Ho3Se3N,mp-607806,65.1373062133789
Gd3Se3N,mp-1193201,65.1092529296875
PH4N3,mp-28892,64.98497009277344
LiSbN2,mp-1246846,64.93367004394531
NaSbN2,mp-1245743,64.7974624633789
Ba4ZrN4,mp-1245594,64.79388427734375
Ba16Nb5N19,mp-30001,64.64778137207031
Ba5(GeN3)2,mp-1246227,64.62359619140625
Ba3Sc2N4,mp-1246130,64.59935760498047
C4NCl3,mp-1214251,64.59896850585938
Nd4Se3N2,mp-30292,64.49284362792969
Ba3MoN4,mp-629082,64.01519775390625
Ba3MoN4,mp-8863,63.655311584472656
Ba3Sc2N4,mp-1247132,63.65393829345703
Y4Te3N2,mp-1029811,63.51226425170898
Ba3WN4,mp-680210,63.460670471191406
Dy4Te3N2,mp-1201962,63.39101791381836
Ba3WN4,mp-14743,63.35209274291992
Ba2SbN3,mp-1247464,63.292259216308594
Be(CN)2,mp-35687,63.27608871459961
Ba5(TiN3)2,mp-28926,63.00252914428711
KC2N3,mp-567823,62.95064163208008
Li3BN2,mp-8926,62.64359664916992
Zn(NO3)2,mp-778973,62.632957458496094
RbNbN2,mp-1029493,62.613861083984375
La5Se6N,mp-1224631,62.13297653198242
Nd(NO3)3,mp-1199401,62.01716232299805
Sr(C4N3)2,mp-1246085,61.4360580444336
Bi3NF6,mp-28946,61.33841323852539
Na3NO4,mp-560068,61.30216598510742
LiC2N3,mp-1190940,61.12706756591797
Na15W7N19,mp-1030704,60.92046737670898
Na15Mo7N19,mp-1029862,60.90538787841797
B2(CN2)3,mp-989472,60.760498046875
Pt(C4N3)2,mp-1246801,60.45698547363281
Ba9(NbN6)2,mp-541765,60.405860900878906
Ba9(TaN6)2,mp-667314,60.02575302124024
C4NCl2,mp-1214248,60.002235412597656
C4NCl2,mp-1214375,59.882354736328125
Ni(H2N)2,mp-28686,59.847312927246094
Tb4Te3N2,mp-1201395,59.83383560180664
Dy3Te3N,mp-1192365,59.64313888549805
Gd(NO3)3,mp-1203247,59.642574310302734
C4NCl2,mp-1214369,59.62814331054688
B5H9N,mp-27893,59.61788558959961
RbC2N3,mp-683918,59.24123764038086
Ba(C2N3)2,mp-669448,58.88743591308594
Y3Te3N,mp-1193658,58.88489532470703
Pr(NO3)3,mp-1201377,58.80461883544922
La(NO3)3,mp-1205242,58.78055953979492
Ba4GeN4,mp-1246705,58.77758026123047
Cd(C4N3)2,mp-1245937,58.72441101074219
Mg(NO3)2,mp-776410,58.69895553588867
Ba5(SnN3)2,mp-1246390,58.68729019165039
Tb(NO3)3,mp-1202556,58.4789924621582
Sr(C2N3)2,mp-29961,58.33628463745117
Ba7ZrN6,mp-1245936,58.18833541870117
NaLi5N2,mp-29929,58.14268112182617
H9CN9,mp-28643,57.98773956298828
Ho3Te3N,mp-1192541,57.97455596923828
NdNO4,mp-607711,57.71364212036133
Tb3Te3N,mp-1192600,57.63883972167969
In(C2N3)3,mp-1246048,57.59518051147461
Na6CrN4,mp-1247493,57.249794006347656
As(CN)3,mp-623837,57.20568084716797
Li2HN,mp-1223097,57.12527084350586
V2NO5,mp-1208115,57.07066345214844
Pd(C4N3)2,mp-1245403,56.83927917480469
Li2HN,mp-699284,56.73635482788086
K3W2N5,mp-1029938,56.71399688720703
H4N2O3,mp-625676,56.63875961303711
Ba7HfN6,mp-1246932,56.56739807128906
Ca2NF,mp-685352,56.53962326049805
Pt(C4N3)2,mp-1247310,56.53531265258789
Sr3(BN2)2,mp-1218347,56.530460357666016
SrCN2,mp-9167,56.421722412109375
Ba4TiN4,mp-1245986,56.40371322631836
Bi(C2N3)3,mp-1246119,56.38043975830078
Zn(CN)2,mp-35751,56.34065628051758
CaHN,mp-34932,56.23088073730469
Na3WN3,mp-16839,56.01969528198242
Be(H2N)2,mp-28018,55.98461151123047
Cd(HN2)4,mp-604337,55.84732055664063
B5H11N2,mp-27892,55.60426330566406
PNO,mp-760506,55.57284164428711
Y(NO3)3,mp-1020671,55.43913650512695
AgC2N3,mp-616521,55.2727165222168
Ca6Te3N2,mp-1246515,55.2631721496582
PNO,mp-1220011,55.04752349853516
Cd(C4N3)2,mp-1245934,54.97663116455078
Cd(C2N3)2,mp-11646,54.94683074951172
HCN,mp-510458,54.89852142333984
Pb(C2N3)2,mp-669517,54.82114410400391
Li2HN,mp-35695,54.804786682128906
NaNO,mp-3967,54.80266189575195
Li2HN,mp-34465,54.79833984375
Rb3W2N5,mp-1029857,54.697715759277344
Na3MoN3,mp-541291,54.69107055664063
LaNO4,mp-1019897,54.65851974487305
Tl8(CdN14)3,mp-647556,54.65730667114258
BN3Cl2,mp-27486,54.568145751953125
Na7VN4,mp-1245360,54.44690704345703
Bi5NO10,mp-31289,54.12651443481445
AgN3O4,mp-644729,54.01744842529297
Ge7N2O15,mp-1196708,53.90025329589844
H5CN3,mp-1196017,53.79796600341797
H4N2O3,mp-625686,53.749244689941406
Sb(C2N3)3,mp-1245690,53.59602355957031
Co(NO3)2,mp-30006,53.430301666259766
Ba7TiN6,mp-1245657,53.29833984375
Be4N6O19,mp-1201141,53.16222381591797
Tl2ZnN12,mp-571259,53.04802703857422
AgC4N3,mp-29672,52.92545700073242
Sm2(N4O9)3,mp-1212564,52.84696960449219
AgC2N3,mp-1182994,52.794219970703125
P(CN)3,mp-622020,52.67793655395508
Mg(NO3)2,mp-1020058,52.56402587890625
Li15H9N8,mp-1201065,52.51351165771485
Zn(C2N3)2,mp-624249,52.43887710571289
Ba(C4N3)2,mp-1245468,52.33091735839844
Cd(C2N3)2,mp-636559,52.30207443237305
Ba3(BN2)2,mp-30905,52.261043548583984
B6H10N,mp-31064,52.12720489501953
SrHN,mp-1187172,51.98114776611328
HgCN2,mp-570848,51.77988052368164
RbSbN2,mp-1247223,51.48345947265625
H4NF2,mp-1103675,51.40875244140625
LiH2N,mp-1188218,50.8540267944336
Sn(C4N3)2,mp-1246898,50.81525421142578
RbBa2N15,mp-605646,50.79311752319336
KCN,mp-676693,50.319583892822266
Ba4CN4,mp-1247171,50.23332214355469
CsNbN2,mp-1030663,49.98588180541992
KSbN2,mp-1246680,49.76620864868164
AgNO3,mp-8196,49.67128372192383
Nd2(N4O9)3,mp-1213443,49.64236831665039
BH4N,mp-27341,49.522274017333984
K15W7N19,mp-1030950,49.511962890625
BHN4,mp-1200679,49.48391342163086
AgC2N3,mp-567459,49.30329895019531
B3H5N3,mp-1236886,49.059120178222656
Sr2NF,mp-531195,48.76299285888672
BaCN2,mp-28898,48.722259521484375
K15Mo7N19,mp-1029869,48.6077766418457
KSnN,mp-1245826,48.58568954467773
PbCN2,mp-19727,48.48057174682617
AgNO3,mp-669466,48.45994567871094
BaMg2N2,mp-1246414,48.200721740722656
KAuN12,mp-567218,48.0389404296875
Rb15W7N19,mp-1029967,48.02521133422852
Ca2HN,mp-24119,47.953426361083984
Zn2NCl,mp-1189171,47.70393371582031
AuC2N3,mp-1245653,47.66096496582031
H3NO4,mp-626259,47.61285018920898
Li7H5N4,mp-1200910,47.27661895751953
Li3H3N2,mp-977164,47.15012741088867
Tl2S7N8,mp-542611,47.10340881347656
Sr(BN)2,mp-1068850,47.01101303100586
Ca2BrN,mp-23009,46.852813720703125
Li8SeN2,mp-973793,46.48574447631836
Li8TeN2,mp-1190809,46.38335037231445
Ba(C4N3)2,mp-1246910,46.344482421875
Zn(NO3)2,mp-772617,46.17390060424805
As(CN)3,mp-608317,45.97958755493164
Mg(NO3)2,mp-771046,45.970550537109375
Ag3N5O6,mp-562667,45.80597305297852
NaC4N3,mp-574822,45.7931022644043
CsSrN9,mp-29228,45.72077178955078
LiH2N,mp-1188409,45.41878128051758
AgNO3,mp-638686,45.396728515625
Sr(C4N3)2,mp-1246489,45.361846923828125
ZrN6O17,mp-680356,45.27608108520508
La(NO2)3,mp-30925,44.97678756713867
Na4ReN3,mp-10419,44.77672958374024
AuC2N3,mp-1245660,44.56557083129883
Cs3W2N5,mp-1119092,44.558841705322266
HgCN2,mp-29853,44.44215393066406
Sn(CN)2,mp-1246850,44.27558898925781
LiH2N,mp-1188477,43.97921752929688
Ge3NO6,mp-1212692,43.90679168701172
LiH2N,mp-1079418,43.89924621582031
Li9S3N,mp-557964,43.41493988037109
Si17NO34,mp-1179267,43.262088775634766
AgCN,mp-9519,43.20157241821289
LiH2N,mp-1105785,42.877559661865234
Yb(H2N)2,mp-1103732,42.55977630615234
C3NCl,mp-1182000,42.509952545166016
Ni(NO3)2,mp-504722,42.3914680480957
Pb(C4N3)2,mp-1246920,42.2823486328125
K3NO4,mp-28202,42.27485275268555
LiH2N,mp-1189646,42.15869522094727
RbAuN12,mp-571181,42.0235481262207
KC4N3,mp-574029,41.95912551879883
C3NCl,mp-1080825,41.78908157348633
K2MnN4,mp-1194125,41.73515701293945
Cs3Mo2N5,mp-1247239,41.71520233154297
NaCN,mp-38222,41.3728141784668
CsSbN2,mp-1247319,41.31158447265625
K2ZnN12,mp-574148,41.29683303833008
C2N2O,mp-1214250,41.191314697265625
Zn(H2N)2,mp-24694,41.12646865844727
NaC2N3,mp-628583,41.07165145874024
Cs15W7N19,mp-1087549,41.02306365966797
La2NCl3,mp-1103604,40.84571838378906
LiH2N,mp-1106045,40.44538497924805
H5(NO)3,mp-555516,40.363426208496094
Sn(C4N3)2,mp-1245921,40.33639526367188
S4N5Cl,mp-606912,40.21479415893555
Y2NCl3,mp-28580,40.14757537841797
Pr2NCl3,mp-28969,40.11580276489258
BaN3Cl,mp-569812,39.79279708862305
Cs3LaN18,mp-1203144,39.60116195678711
P6N7Cl9,mp-650015,39.31304931640625
Gd2Br3N,mp-505435,39.04161071777344
TlNO3,mp-557704,38.98427200317383
Be4N6O19,mp-30142,38.83263397216797
Mn(CN)2,mp-1245492,38.77491760253906
BH7N2,mp-27612,38.715328216552734
CNCl,mp-571324,38.70641708374024
KCaN,mp-1245709,38.608848571777344
Hg(CN)2,mp-573909,38.51477813720703
Fe2NF6,mp-1198504,38.44735336303711
Li4HN,mp-30228,38.31828308105469
Sr2IN,mp-569677,38.28863906860352
Hg2NO4,mp-5824,38.26762390136719
Li7IN2,mp-675941,37.76358413696289
Ca(H2N)2,mp-644307,37.47299957275391
S4N5Cl,mp-556273,37.46601867675781
CSeN,mp-638137,37.10967254638672
Li6Br3N,mp-27508,37.004913330078125
Ba2NCl,mp-1018099,36.99131774902344
K2CdN12,mp-27970,36.85334777832031
ZrS2N,mp-1207105,36.84999084472656
Rb2ZnN12,mp-569340,36.789581298828125
HNO,mp-625385,36.46820831298828
S4N5F,mp-504830,36.43513488769531
H5N2F,mp-27235,36.31403350830078
H2NO2,mp-28349,36.13433074951172
C2SeN2,mp-1106292,36.12541961669922
C2SeN2,mp-639826,36.11224365234375
TaNF6,mp-1179212,36.009674072265625
Zn2IN,mp-1188466,36.00126647949219
Gd3NCl6,mp-651160,35.85136413574219
C2SN2,mp-616463,35.70665740966797
H2CN2,mp-703527,35.70183563232422
RbC2N3,mp-637242,35.648284912109375
Li10BrN3,mp-28989,35.617767333984375
KPbN,mp-1245569,35.51817321777344
LiH2N,mp-1087524,35.480072021484375
KC2N3,mp-571394,35.351585388183594
Mg(H2N)2,mp-24383,34.730926513671875
Hg2N2O3,mp-680303,34.64642333984375
NaNO2,mp-1173559,34.61566925048828
Na3NO2,mp-675597,34.473838806152344
Nd3NCl6,mp-570061,34.47296905517578
C5N4O3,mp-1182500,34.402122497558594
Nd2NCl3,mp-28970,34.39915466308594
TlNO2,mp-4453,34.05657958984375
B2NCl3,mp-1214908,33.55339813232422
C3IN,mp-1079290,33.53936004638672
HNO,mp-1181155,33.43399810791016
Be(N3O7)2,mp-30141,33.403228759765625
CsAuN12,mp-568861,33.27466583251953
KC2N3,mp-637235,33.27091979980469
Li5NCl2,mp-37498,33.235679626464844
Li6I3N,mp-675488,33.19432830810547
RbC2N3,mp-672200,32.978599548339844
HfNF5,mp-1212491,32.80866241455078
RbC2N3,mp-1238430,32.722801208496094
Ni(N3O2)2,mp-1103006,32.60609436035156
Pb3(NO4)2,mp-1201318,32.33280944824219
GaN5O14,mp-541950,32.30634307861328
BH2N,mp-29475,32.25541687011719
NaNO3,mp-1173585,32.23583221435547
KC2N3,mp-637256,31.28685760498047
H4N2O3,mp-625631,31.126319885253903
AgNO2,mp-5770,31.06995391845703
H4N2O3,mp-634429,30.959793090820312
Cd(CN)2,mp-4077,30.70135498046875
H4N2O3,mp-707104,30.50670623779297
KCN,mp-1223490,30.41387176513672
CBrN,mp-1182053,30.26820373535156
KCN,mp-1077078,30.19390106201172
NaNO3,mp-1220986,29.945945739746094
C2NCl,mp-1189989,29.939781188964844
CS3N4,mp-28390,29.921157836914062
La3Br6N,mp-29197,29.72030639648437
NaNO3,mp-674297,29.656593322753903
HCN,mp-644272,29.40930938720703
BNCl2,mp-23045,29.351707458496094
Ti(NO3)4,mp-30998,29.25743103027344
Cd(CN)2,mp-34656,28.639747619628903
C3IN,mp-1182130,28.608795166015625
Rb3BN2,mp-1247386,28.58139038085937
Ti(NCl)3,mp-573567,27.96905517578125
P3N4Cl5,mp-1190930,27.92156219482422
HgNCl,mp-1190779,27.73143768310547
B2H8N,mp-1197839,27.64525604248047
Cs2SrN12,mp-621930,27.52257537841797
HNO,mp-625377,27.35730743408203
H4N2O3,mp-23790,27.287826538085938
C2Se3N2,mp-542699,27.2230224609375
BH6N,mp-1105968,27.097389221191406
H3NCl,mp-1200750,26.971832275390625
Li6NCl3,mp-34038,26.785552978515625
RbNO3,mp-5073,26.72754669189453
Mo(NO4)2,mp-1198436,26.669692993164062
Li6Br3N,mp-676650,26.443115234375
KN3O4,mp-3768,26.18916320800781
H6N2O,mp-625374,26.16841125488281
Cs2ZnN12,mp-579919,26.02896881103516
PBr2N,mp-652220,25.658859252929688
Sn(NF)2,mp-1069819,25.631202697753903
KCN,mp-20134,25.42467498779297
ThN3F7,mp-1198401,25.38594055175781
Li6Br3N,mp-569085,25.296836853027344
BH6N,mp-1106386,25.17743682861328
Mn(NO3)2,mp-542070,25.04139709472656
H4NF,mp-730190,25.023971557617188
H2CN2,mp-30094,24.78350067138672
AsN2F7,mp-685810,24.681884765625
SNF,mp-554025,24.667198181152344
HCN,mp-644385,24.51061248779297
AsNO4,mp-1214865,24.49248504638672
HSN,mp-29349,24.34530639648437
H4N2O3,mp-696659,24.341705322265625
C2S3N2,mp-540807,24.272918701171875
H4N2O3,mp-632734,24.252586364746094
BH6N,mp-1203483,24.18390655517578
S2N2Cl,mp-29067,24.038818359375
PSN9,mp-1020739,23.90203094482422
KNO3,mp-9475,23.730377197265625
Zr6NCl15,mp-531184,23.66374969482422
H3NO,mp-626534,23.620628356933597
BH6N,mp-1198500,23.58172607421875
H5NO2,mp-625108,23.574729919433597
H6N4O9,mp-626354,23.328781127929688
BH6N,mp-675418,23.090362548828125
RbNO2,mp-752580,23.084022521972656
Sr(H2N)2,mp-643905,23.05475616455078
BH6N,mp-1188579,22.93695831298828
NClO6,mp-27774,22.903297424316406
H3NO4,mp-626289,22.856590270996094
B3H10N,mp-1196163,22.842987060546875
Cs3NO4,mp-768311,22.841293334960938
PNF2,mp-560275,22.4981689453125
H6N4O9,mp-625365,22.3924560546875
S3N2Cl,mp-29311,22.348876953125
B3H7N,mp-696812,22.34417724609375
Li6Br3N,mp-34326,22.33072662353516
PBr2N,mp-570315,22.180213928222656
KSnN,mp-1245821,21.932937622070312
Si3H9N,mp-24026,21.844215393066406
H8(NO2)3,mp-676050,21.59819793701172
AuN5O14,mp-560745,21.565399169921875
RbNO3,mp-13658,21.522628784179688
MoNCl3,mp-23396,21.32978820800781
H7NO6,mp-625937,21.305831909179688
CS2N,mp-30054,21.054275512695312
PNCl2,mp-652364,20.87194061279297
PNCl2,mp-648211,20.756881713867188
Si2NCl5,mp-28583,20.59130096435547
PBr2N,mp-23457,20.368553161621094
TlNO2,mp-676400,20.29163360595703
PNCl2,mp-571213,20.17057037353516
Zn(NF2)2,mp-1025221,20.16515350341797
CsC2N3,mp-1029718,20.02457427978516
H5NO5,mp-849229,19.882827758789062
INO4,mp-1102791,19.841537475585938
S7(N3O4)2,mp-28474,19.757476806640625
Te2N2O7,mp-1179247,19.6676025390625
GaN5O14,mp-557954,19.639503479003903
ReNCl4,mp-568100,19.516189575195312
HgNO3,mp-542289,19.47502899169922
Li6Br3N,mp-568365,19.298667907714844
H4I3N,mp-28281,19.287147521972656
CN6O,mp-1197543,19.26897430419922
CaNCl3,mp-1106358,19.25518798828125
Sr(H2N)2,mp-696969,19.183914184570312
Cs3NO4,mp-778950,19.03974914550781
H8NF5,mp-28124,18.891571044921875
H6N4O9,mp-626392,18.573707580566406
PNCl2,mp-23375,18.292335510253903
H7NO6,mp-625868,17.9967041015625
H7NO6,mp-626112,17.993026733398438
H7NO6,mp-626066,17.97486114501953
SNCl,mp-27952,17.96074676513672
S5N5Cl,mp-28374,17.731719970703125
H11NF8,mp-28125,17.643234252929688
Cd(NO4)2,mp-1182373,17.626358032226562
H7NO6,mp-625850,17.567779541015625
BrNO,mp-1102937,17.491683959960938
Sb2N5F11,mp-542148,17.459793090820312
Mg4N6O19,mp-779162,17.21832275390625
H4IN,mp-34381,17.15363311767578
Pd2S9N4,mp-647822,17.055206298828125
KH8N3,mp-974267,16.993759155273438
S3(NCl)2,mp-27699,16.99156951904297
SNF,mp-4937,16.5904541015625
C(NO)2,mp-1197051,16.56671905517578
P4N3Cl11,mp-570583,16.543243408203125
H7NO6,mp-626093,16.26494598388672
Sc(NF2)3,mp-1209230,16.01569366455078
CdNCl3,mp-1080000,15.912506103515623
CsNO3,mp-561851,15.797103881835938
S(NF3)2,mp-1207067,15.532470703125
Ca(NO4)2,mp-1182253,15.51689910888672
H4NCl,mp-34337,15.43425750732422
H4N2O3,mp-1181677,15.39006805419922
SbN3Cl4,mp-27351,15.049392700195312
CSN2,mp-1182147,14.962486267089844
VN3O10,mp-1205113,14.923843383789062
H7NO6,mp-626046,14.848175048828123
PNF2,mp-31489,14.789085388183594
H7NF4,mp-28123,14.777442932128906
H7NO6,mp-626127,14.605476379394531
KNO3,mp-36903,14.563018798828123
S2N2O,mp-504826,14.49853515625
H6N4O9,mp-1181373,14.443374633789062
CsCN,mp-1245792,14.439247131347656
ZrNF5,mp-1178609,14.403816223144531
Pb(SN)2,mp-1188269,14.379730224609377
S4(BrN)3,mp-27378,14.366653442382812
Si3NCl9,mp-1219293,14.359634399414062
H7NO6,mp-626529,14.280128479003906
H5NO5,mp-29943,14.270797729492188
H4N2O3,mp-626113,14.06243896484375
H3NO4,mp-706430,13.807785034179688
KNO2,mp-546787,13.679222106933594
CNCl,mp-27502,13.626724243164062
H6N4O9,mp-1181328,13.527191162109377
VNCl4,mp-27868,13.496482849121094
NClO,mp-1103281,13.360740661621094
KNO3,mp-6920,13.284698486328123
H3NO,mp-626543,13.154510498046877
H8N2O,mp-625790,13.078865051269531
CsCN,mp-1245795,13.067962646484377
Sn(NO3)4,mp-30989,12.958480834960938
CsS2N3,mp-1247205,12.94513702392578
S5N4O3,mp-540558,12.82526397705078
S3(NO7)2,mp-540798,12.628326416015623
H7NO6,mp-504422,12.617340087890623
Rb3H12N5,mp-1198991,12.343490600585938
PNF2,mp-559655,12.3265380859375
BeNF3,mp-1182149,12.180305480957031
H7N2F,mp-1198625,12.14788818359375
Se2Br3N,mp-29123,12.111167907714844
P4N3Cl11,mp-28792,12.001068115234377
Mo2N2O7,mp-1191629,11.987960815429688
CS3N,mp-29700,11.717277526855469
H6SN2,mp-604209,11.637062072753906
H7NO6,mp-625861,11.563591003417969
Cd(NCl)2,mp-1070147,11.536911010742188
HS3N,mp-706654,11.49029541015625
Si3NCl9,mp-676128,11.383056640625
RbH2N,mp-697144,11.108299255371094
Ni(NF7)2,mp-27806,11.03801727294922
W2NCl9,mp-583581,10.777854919433594
HS3N,mp-696216,10.44830322265625
H7NO6,mp-625948,10.386619567871094
Se2NCl5,mp-29124,10.321990966796877
ThN3O14,mp-1202518,10.254844665527344
CrN5Cl3,mp-1182156,10.063392639160156
P3NCl12,mp-569386,10.034469604492188
WN3F5,mp-29290,9.947639465332031
H5NO,mp-625927,9.81744384765625
H8S5N2,mp-28143,9.788116455078123
CsNO3,mp-1196533,9.745353698730469
PNF2,mp-554776,9.42217254638672
H8N2O,mp-625815,9.20086669921875
KNO3,mp-672644,8.769149780273438
PNF2,mp-555443,8.702140808105469
CsNO3,mp-22628,8.49444580078125
KNO3,mp-1020193,8.40753173828125
CN4Cl,mp-1190824,8.200271606445312
KNO3,mp-675625,8.168632507324219
H6N4O9,mp-1181419,8.049880981445312
ReNF6,mp-28012,7.886627197265625
Se2NCl3,mp-28791,7.643577575683594
Mo(NCl2)3,mp-1190250,7.632247924804687
LaN2Cl5,mp-1213500,7.447540283203125
HNF2,mp-1189443,7.414276123046875
H5NO,mp-1181559,7.316947937011719
H3NCl,mp-760361,7.102508544921875
Sb4S7N2,mp-1179822,6.817893981933594
H5NO,mp-625924,6.70855712890625
WNCl6,mp-1207722,6.6317901611328125
S(IN)2,mp-616514,6.197807312011719
LaN3O13,mp-1182768,6.165313720703125
PNCl2,mp-672260,5.968360900878906
RbNO3,mp-752446,5.91796875
H4N2O3,mp-1181417,5.893341064453125
Se2NCl3,mp-571134,5.826728820800781
Cd(NO5)2,mp-1192817,5.753334045410156
PNO4,mp-1209569,5.692893981933594
H6N4O9,mp-1181093,5.480728149414063
H4N2O3,mp-1181430,5.330024719238281
CSN2,mp-1182167,5.244316101074219
H3NO4,mp-626256,5.216323852539063
HS3N,mp-27669,4.872772216796875
NClO3,mp-1180300,4.760581970214844
S(IN)2,mp-1179634,4.620895385742188
PNF2,mp-560008,4.5619049072265625
Te(NO3)2,mp-1079569,4.3658294677734375
H8N2O,mp-625819,3.9867172241210938
GeN3F7,mp-1196527,3.876922607421875
H4N2O3,mp-626006,3.852996826171875
NClO,mp-505727,3.418617248535156
H4NF,mp-23794,3.3430252075195312
S4N4O3,mp-540808,3.1158599853515625
CsNO2,mp-3288,2.96905517578125
RbNO3,mp-38220,2.6688461303710938
C2S9N2,mp-30063,2.375526428222656
KNO2,mp-29200,2.2096481323242188
SbN2F5,mp-1105635,2.084754943847656
KNO3,mp-676851,1.891998291015625
S3N2O5,mp-29224,1.879241943359375
CsH5N2,mp-1184037,1.8334732055664065
RbNO3,mp-614951,1.5628814697265625
BNF8,mp-1196191,1.4713668823242188
SbN2F5,mp-1197198,1.4267044067382812
PNF2,mp-555292,1.314697265625
SbN2F5,mp-1105694,1.2839508056640625
HgNO2,mp-541067,1.2390975952148438
H4NF3,mp-1212676,1.1374893188476562
BNF4,mp-1182455,0.80670166015625
HS7N,mp-23977,0.3949127197265625
Pd(S3N)2,mp-27722,-0.1355438232421875
H4N2O3,mp-625994,-0.2216339111328125
NClO3,mp-754712,-0.5405502319335938
PNO3,mp-1179819,-0.7126617431640625
SbN2Cl5,mp-1179570,-0.8838729858398438
H4BrN,mp-23675,-0.9368743896484376
SbNF4,mp-1202415,-1.1909332275390625
C(NO)2,mp-1214325,-1.4714126586914062
I3NO9,mp-1194757,-1.9202346801757808
Fe(NF2)3,mp-1095055,-2.15301513671875
Zr(NF3)2,mp-1178636,-2.310096740722656
HNF2,mp-707160,-2.870429992675781
Zn(NCl2)2,mp-1178849,-3.034706115722656
HNO3,mp-1224772,-3.2903366088867188
BrNO3,mp-29526,-3.46856689453125
HS7N,mp-24290,-3.4824447631835938
Th(NF2)4,mp-1179162,-3.8680496215820312
KNO2,mp-1067154,-4.0290069580078125
H7IN2,mp-721084,-4.087944030761719
HS8N,mp-29491,-5.0150909423828125
Be(NF2)2,mp-1182429,-5.061050415039063
W(NF2)3,mp-1207764,-5.089637756347656
Sc(NF2)3,mp-1179550,-5.647705078125
HS9N,mp-505451,-5.931739807128906
BH4N,mp-1228732,-6.848922729492188
AsS4N3,mp-1200088,-10.808982849121094
P2SN6,mp-1210609,-14.98920440673828
Zn(NCl2)2,mp-1178703,-15.101966857910156
INO3,mp-754661,-17.22864532470703
S2NO,mp-557302,-18.40758514404297
S3(NO)2,mp-3496,-23.55406951904297
SeNO4,mp-1209541,-24.50428009033203
SNF3,mp-1209117,-26.59136199951172
C2N2O5,mp-1188168,-26.881629943847656
PNO4,mp-1190793,-33.07939910888672
C2N2O5,mp-1182116,-34.010276794433594
